Kode,KodeSupplier,Nama,Harga,Satuan,Barcode
1000                ,00004     ,MR SABUN MUTIARA 85 GR,13406.25,PCS  ,8995151110291       
1003                ,00040     ,SOKLIN SMART WHITE 800,17250.00,DOS  ,8998866605809       
1004                ,00031     ,NIVEA FAC SCRUB 100 GR,14113.75,PCS  ,8999777811242       
1005                ,00031     ,NIVEA GENTLE FAC.WASH 100,15682.50,PCS  ,8999777811112       
1006                ,00131     ,NIVEA GENTLE FCL SCRUB 40,6118.75,PCS  ,8999777811495       
101                 ,00019     ,DELFI BRIKO VAN 125 GR,6270.00,PCS  ,8991001780218       
102                 ,00019     ,SELAMAT WFR CHOCO 198,6270.00,PCS  ,8991001780492       
1026                ,00040     ,NUVO REFF KUNING/GOLD 250,7115.00,PCS  ,8998866602990       
1027                ,00040     ,NUVO REFF HIJAU 250,7187.50,PCS  ,8998866602983       
1028                ,00040     ,NUVO FAMILY MERAH   80G,1281.25,PCS  ,8998866602556       
1029                ,00040     ,NUVO FAMILY BIRU   80GR,1393.75,PCS  ,8998866602549       
1030                ,00040     ,NUVO FAMILY KNG 80GR,1393.75,PCS  ,8998866602570       
1031                ,00040     ,NUVO FAMILY HIJAU  80GR,1281.25,PCS  ,8998866602563       
1032                ,00040     ,SOKLIN SMART COLOUR SASET,2971.25,PCS  ,8999999392963       
1034                ,00040     ,NUVO REFF MERAH 250ML,7187.50,PCS  ,8998866602976       
1035                ,00040     ,NUVO REFF PUTIH 250,7115.00,PCS  ,8998866602969       
1037                ,00040     ,BOOM JERUK NIPIS 1 KG,5625.00,PCS  ,8999999390525       
1038                ,00040     ,NUVO FAMILY COOL,1393.75,PCS  ,8998866606158       
104                 ,00112     ,SEPATU GHEST 0901,10875.00,PCS  ,104                 
1041                ,A110      ,ROMA SARI GANDUM ROLL 149,3951.25,DOS  ,8996001302248       
1042                ,00167     ,IMPERIAL BW ERIG  250,11825.00,PCS  ,8999999390549       
1046                ,00174     ,DAHLIA REF CF ALL VAR K-241,10057.50,PCS  ,8886012824139       
1051                ,A0015     ,MUKENA AL MADINAH TERUSAN,6460.00,PCS  ,                    
1056                ,00172     ,HIT AER EXPERT BLOOM TEA 225,1082.50,PCS  ,8992745705604       
1057                ,00112     ,SEPATU KITANO KN,1662.50,PCS  ,1057                
1059                ,00002     ,SERENA EGG ROLL CHOCO55,9013.75,PCS  ,8888166994232       
1060                ,00040     ,FRES SB ORANGE 80,1300.00,PCS  ,8998866800204       
108                 ,00054     ,MR.P KCG MADU R.25,1098.75,PACK ,8992709818258       
1080                ,00051     ,SHINZU`I HANA 90,2763.75,PCS  ,8992946512223       
1081                ,00051     ,SHINZU`I KIREI 90,2763.75,PCS  ,8992946512285       
109                 ,00054     ,MR.P KCG BALADO R. 20,1098.75,PACK ,8992709838256       
110                 ,00002     ,MONA KOPYOR,4562.50,DOS  ,8888166991002       
1100                ,00174     ,SEAGULL NAPTH 25 G/ SG-519/P,1150.00,PACK ,8886012895207       
1102                ,A0110     ,CUSSONS B LOT FRESH&NOUR 200,1087.50,PCS  ,8998103014340       
1104                ,00040     ,SOKLIN MATIC FRONT LOAD 1KG,20000.00,DOS  ,8998866602082       
1105                ,00040     ,SOKLIN PRO/ POWER 900,15625.00,DOS  ,8998866602600       
1106                ,00040     ,SOKLIN HIGINIS 900,15625.00,DOS  ,8998866600439       
1107                ,00040     ,SOKLIN MATIC FRONT LOAD 2KG,39750.00,DOS  ,8998866602099       
1108                ,00040     ,SOKLIN PRO 320 GR,4487.50,PCS  ,8998866602594       
1109                ,00040     ,SOKLIN HIGINIS 380,4487.50,PCS  ,8998866600491       
111                 ,00019     ,DELFI TWISTER M CKT 80,3891.25,PCS  ,8991001780232       
1110                ,00040     ,SOKLIN HIGIENIS 6X29,2260.00,PCS  ,8998866604659       
1111                ,A0111     ,TELUR AYAM NEGERI ISI 10,2260.00,PCS  ,1111                
1112                ,00172     ,POLYTEX SABUT SPON EXT,2385.00,PCS  ,8992742360264       
1114                ,00040     ,SOKLIN SOFTERGENT PINK 800,15625.00,DOS  ,8998866607315       
1116                ,00040     ,SOKLIN POWER 60 GR,1031.25,PCS  ,1116                
112                 ,00019     ,BISA KHUSUS,2137.50,DOS  ,112                 
1120                ,00040     ,SOKLIN SMART COLOUR 800,18000.00,DOS  ,8998866605816       
1121                ,00040     ,SOKLIN SMART CLEAN SASET,2971.25,PCS  ,8998866602822       
113                 ,00019     ,CERES HGL CLASSIC 90,5747.50,PACK ,8991001301017       
114                 ,00019     ,CERES HGL FESTIVE 90,3327.50,PACK ,8991001301024       
1146                ,00051     ,BUKRIM DET SAC 6X40G,2500.00,PCS  ,8993335510929       
1147                ,00051     ,SHINZU`I FACIAL WASH 40,6160.00,PCS  ,8992946514302       
1149                ,00051     ,SHINZU`I SAKURA 90,2763.75,PCS  ,8992946521409       
115                 ,00019     ,DELFI CHA CHA WARNA 30,1870.00,BOX  ,8991001501059       
1150                ,00019     ,OLAY BD WASH EXTSENSI 354,32051.25,PCS  ,8999999391751       
1152                ,00040     ,WINGS BIRU 1/4 POT,1580.00,PCS  ,8998866600460       
1153                ,00040     ,WINGS WB900P POT,4458.75,PCS  ,8998866600644       
1154                ,00040     ,WINGS BIRU 1/2 POT,3125.00,PCS  ,8998866670692       
1155                ,00040     ,WINGS BIRU 500 K 209G,2250.00,DOS  ,8998866670722       
1156                ,00040     ,WINGS BIRU WB900 / 540GR,5450.00,DOS  ,8998866670739       
1157                ,00040     ,WINGS PORC HIJAU BTL 400,27031.25,PCS  ,8998866604420       
1159                ,00031     ,RESIK-V 90 SIRIH,5000.00,PCS  ,8993417162145       
116                 ,A0002     ,TURBO JAGUNG SAPI PANGG 75,2203.75,PCS  ,8993172960963       
1160                ,00051     ,SHINZU`I MYORI 90,2763.75,PCS  ,8998866670777       
1162                ,00172     ,HIT AER EXPERT BLOOM TEA 600,572.50,PCS  ,8992745705581       
1163                ,00016     ,FINNA DUA MENARA 1 KG,10175.00,PCS  ,8991818000172       
1165                ,A0012     ,KWACI RE-BO GREEN TEA 150,8312.50,PCS  ,8995108509499       
1166                ,00067     ,L`AGIE GOODDAY PANDAN,12093.75,PCS  ,8992957352122       
117                 ,00054     ,MR.P KCG MENTE MADU 40,5701.25,PCS  ,8992709718404       
1173                ,A0098     ,WRD EXCL MATTE LIP C 05 4GR,1253.75,PCS  ,8993137693806       
118                 ,00054     ,MR.P KCG MENTE ASIN 40,5701.25,PCS  ,8992709728403       
1180                ,00158     ,TIM TAM SMALL WFR 11,5,500.00,PCS  ,8886015428112       
1185                ,00090     ,ALKALINE LR-03 (ISI 2),7936.25,LSN  ,8886022941512       
1187                ,00090     ,BATERAI ABC TGG R-14 ISI 2,1910.00,PCS  ,8886022931322       
1188                ,A0034     ,EVEREADY BSR 1050 SW2 - 2S,6802.50,PCS  ,8999002319659       
1189                ,A0034     ,EVEREADY A2 MRH 4`S/1015,2857.50,PCS  ,8999002310564       
119                 ,A0002     ,SIMBA RILLAS BAG 50,3725.00,PCS  ,8993172890017       
1191                ,A0049     ,TURBO JAGUNG SWEET SPICY,2203.75,PCS  ,8993172890116       
1193                ,00090     ,BATERAI ABC BESAR R-20_1`S,3500.00,PCS  ,3333333333          
1194                ,00090     ,BATERAI ABC KECIL R-6,1450.00,LSN  ,8886022830243       
1197                ,A0012     ,PIATOS DUO DGG BKR-NORI 506,1196.25,PCS  ,8996196003456       
120                 ,A0002     ,SIMBA TUFFIS COKLAT 50,3253.75,PCS  ,8993172995644       
1202                ,0185      ,SIDO MULIA KOPI KNG 250,11875.00,KG   ,1202                
1203                ,00026     ,SAMPOERNA MILD MENTOL 12,5375.00,PCS  ,8999909055063       
1204                ,00026     ,DJISAMSOE SUP PREM REF 12,13578.75,SLOP ,8999909028999       
1205                ,00027     ,PALL MALL LIGHT MENTOL,5562.50,SLOP ,8994790501101       
1206                ,00131     ,JELYGAR JERUK,2083.75,PCS  ,8994021101704       
1207                ,00031     ,OVALE FACE PAPER 100 LBR,3731.25,PCS  ,8993417122026       
1208                ,00173     ,KEPALA JENGGOT TEH 40G,1375.00,PCS  ,8992797550252       
1209                ,00019     ,HELLO PANDA ALL VARIANT 12 G,1310.00,BOX  ,8994504102129       
1210                ,A0110     ,CUSSONS KIDS SHP B&S 100ML,4008.75,PCS  ,8998103015415       
122                 ,00054     ,MR.P KACANG MENTE ASIN 80,12552.50,PCS  ,8992709728809       
1220                ,194       ,ABC WHITE COFFEE INSTAN 5+1,2552.50,DOS  ,8991002101333       
1221                ,00019     ,ABC CAPUCINI COFFE CR,2552.50,PCS  ,711844165809        
1222                ,00019     ,ABC CAPUCINI CHOCOLATE 200,2552.50,PCS  ,711844165854        
1226                ,00019     ,ABC SPC G SUSU 625 ML,12553.75,DOS  ,711844156142        
1228                ,00012     ,SOSRO GREEN TEA MD LMN200,1901.25,PCS  ,8996006855251       
1229                ,A0106     ,ABC JUICE SIRSAK 250ML,3157.50,DOS  ,711844160095        
1230                ,A0106     ,ABC JUICE SLIM APPLE 250,3172.50,PCS  ,711844160057        
1231                ,A0106     ,ABC JUICE SLIM JAMBU 250,3172.50,PCS  ,711844160071        
1232                ,A0106     ,ABC JUICE SLIM LYCHE 250,3157.50,PCS  ,711844160033        
1233                ,A0106     ,ABC JUICE SLIM MGG 250ML,3172.50,PCS  ,711844160118        
1234                ,A0106     ,ABC JUICE SLIM ORG 250ML,3157.50,PCS  ,711844160019        
1235                ,A0106     ,ABC KC HIJAU 200ML KHKS,2080.00,DOS  ,711844162402        
1236                ,A0106     ,ABC KC HIJAU 250 KHBS,2541.25,DOS  ,711844162419        
1237                ,A0098     ,WRD EXCL MATTE LIP C 11 4GR,1253.75,PCS  ,8993137694490       
124                 ,00176     ,GERY WFR CREAM CKT 80,2303.75,PCS  ,8992775312230       
1242                ,A0106     ,ABC SARI ASAM/TAMARIND 250,3078.75,DOS  ,711844162426        
1244                ,00019     ,ABC SQUASH LYCHEE 580,9752.50,DOS  ,711844150034        
1245                ,00019     ,ABC SQUASH MANGGA 580,9752.50,DOS  ,711844150065        
1246                ,00019     ,ABC SQUASH ORANGE 580 ML,9752.50,DOS  ,711844150003        
1247                ,00019     ,ABC SQUASH PINEAPPLE 580,9781.25,DOS  ,711844150027        
125                 ,A0002     ,SIMBA TUFFIS COKLAT BAG 20,1363.75,PCS  ,8993172995149       
1250                ,00019     ,ABC SQUASH SIRSAK 585,9752.50,PCS  ,711844150041        
1253                ,00019     ,ABC SPC G COCOPANDAN 585,13161.25,DOS  ,711844154506        
1254                ,00019     ,ABC SPC G FRAMBOZE 600,12095.00,DOS  ,711844154520        
1255                ,00019     ,ABC SPC G MELON 585,13132.50,DOS  ,711844154568        
1258                ,00019     ,ABC SPC G MOCCA 600,13161.25,DOS  ,711844154537        
126                 ,00176     ,GERY WFR COKLAT ROOL 45,1938.75,PCS  ,0                   
1260                ,00069     ,FANTA ROYAL CAN ANGGUR 330,3947.50,DOS  ,8992761111373       
1264                ,00007     ,CLUB GELAS BESAR 48 X 250 ML,14187.50,DOS  ,1264                
1265                ,00007     ,CLUB GELAS MINI 48 X 150 ML,3720.00,DOS  ,1265                
1268                ,00003     ,AQUA 1500 ML,2672.50,DOS  ,8886008101091       
1269                ,00003     ,AQUA 330 ML,1056.25,DOS  ,8886008101336       
127                 ,A0049     ,SIMBA CHOCO CHIP 55,3725.00,PCS  ,8992741995726       
1270                ,00031     ,MULTI MP-08 SP 1000GR,366.25,PCS  ,8992931025080       
1271                ,A0049     ,RICHOCO AHH 50G,6066.25,PCS  ,8993175544931       
1276                ,00019     ,BENDERA UHT MILKY CHOCO 180,2275.00,PCS  ,8992753182206       
1278                ,00019     ,BENDERA UHT MILKY STROW 180,2275.00,PCS  ,8992753184200       
1279                ,00019     ,BENDERA UHT MINI CKT 115,1875.00,PCS  ,8992753182008       
1281                ,00019     ,ABC KEDELAI MILK BANTAL,1180.00,DOS  ,711844167018        
1283                ,00112     ,MUKENA QUBBAH MEDINA POLOS,5000.00,PCS  ,1283                
1285                ,00071     ,KARA SARI KLP CCPDN 360,3231.25,PCS  ,8992709358365       
1286                ,A0094     ,NU GREEN TEA LESS SUGAR 500,3500.00,DOS  ,8992388101054       
1287                ,00019     ,NU GREEN TEA HONEY 500,3500.00,DOS  ,8992388101023       
1289                ,207       ,HOTIN CREAM ARMTHRP BTL 120M,3625.00,PCS  ,8997021870403       
129                 ,A0110     ,CUSSONS LOTION F&N  100ML,500.00,PCS  ,8998103014333       
1294                ,207       ,HOTIN CREM ARMTHRP TUBE 60ML,2406.25,PCS  ,8997021870595       
1297                ,00043     ,CALPICO WATER STRW 200 ML,2406.25,PCS  ,8992714042051       
1298                ,00043     ,CALPICO WATER WHITE 200,2406.25,PCS  ,8992714041054       
1299                ,00019     ,NU JUV ORANGE CITROEN 500 ML,3937.50,PCS  ,8992388103010       
1300                ,00004     ,COCA-COLA 1.5 LT,11125.00,PCS  ,8992761136017       
1301                ,00069     ,COCA-COLA CAN 330 ML,3947.50,PCS  ,8992761111014       
1302                ,00046     ,INDOCAFE COFFEMIX JAHE 30`S,3906.25,PACK ,9311931044140       
1303                ,187       ,WISMILAK DIPLOMAT 16,12323.75,SLOP ,8994214110162       
1305                ,00046     ,INDOCAFE COFFEMIX 30 X 20G,23773.75,DOS  ,9311931184075       
1308                ,A0030     ,ENERGEN CHOCO BAG 10,10468.75,DOS  ,8996001603024       
1310                ,A0030     ,ENERGEN COKLAT 5X29G,975.00,DOS  ,8996001440049       
1311                ,194       ,ENERGEN VANILLA BOX,5495.00,PCS  ,8886001100909       
1312                ,00167     ,POP ICE MANGGA BOX,4445.00,PCS  ,8998009020339       
1313                ,00112     ,MUKENA AMIE S,3652.50,PCS  ,                    
1315                ,00112     ,SAJADAH KECIL INTEKSA,3652.50,PCS  ,                    
1318                ,00019     ,REJOICE SHP ANTI FRIZZ 170,8125.00,PCS  ,4902430429368       
1319                ,00071     ,EXTRA JOSS 6`S ACTIVE,4675.00,PCS  ,8993058000653       
1320                ,00019     ,REJOICE SHP ANTI FRIZZ 90,6066.25,PCS  ,4902430252560       
1321                ,00019     ,REJOICE SHP AF 5.5MLX6,3541.25,STR  ,4902430660556       
1323                ,00069     ,FANTA ROYAL CAN JERUK 330,2968.75,DOS  ,8992761111380       
1324                ,00004     ,FANTA STRAW 1.5 PET,10937.50,PCS  ,8992761136055       
1325                ,00069     ,FANTA STRAW CAN 330ML,3947.50,PCS  ,8992761111045       
133                 ,00158     ,TORABIKA CREAMY LATTE PROMO,7500.00,PCS  ,8998666001818       
1330                ,00069     ,FRUIT TEA LEMON 200 ML,1615.00,PCS  ,8996006220011       
1331                ,00012     ,FRUIT TEA STRAWBERRY 318,2916.25,PCS  ,8996006763303       
1332                ,00012     ,FRUIT TEA ORANGE 200ML,1615.00,PCS  ,8996006742018       
1335                ,00008     ,AGRO SARI JERUK 500,3486.25,PCS  ,8995181600250       
1336                ,00112     ,SEPATU CALPICO,2067.50,PCS  ,1336                
1337                ,00004     ,SEPATU ARDILES QUANTUM,2067.50,PCS  ,1337                
1338                ,00112     ,SEPATU PRECISE BRAVO/SKY A,2067.50,PCS  ,1338                
1342                ,00046     ,INDOCAFE CAPUCINO 15,14875.00,PCS  ,9311931189049       
1343                ,00046     ,INDOCAFE CAPUCINO 50S,47368.75,PCS  ,9311931189056       
1344                ,00046     ,INDOCAFE CAPUCINO 25 GR,1172.50,PACK ,9311931029017       
1345                ,00046     ,INDOCAFE CAPUCINO KTK 5X25G,6916.25,PCS  ,9311931189018       
1346                ,00046     ,INDOCAFE TRI HAPPINESS KTK 5,7081.25,PCS  ,9311931014969       
1347                ,00046     ,INDOCAFE COFFEMIX BAG 15``S,10216.25,PCS  ,9311931184082       
1348                ,00046     ,INDOCAFE COFFEMIX 5X20GR SAC,3858.75,DOS  ,9311931024036       
1349                ,00046     ,INDOCAFE COFFEMIX GSN 5,9843.75,PCS  ,9311931014150       
135                 ,00176     ,GERY WFR STIK COKLAT 45,1938.75,PCS  ,8992775311028       
1350                ,00046     ,INDOCAFE COFFEMIX JAHE 5,5031.25,PCS  ,9311931014143       
1351                ,00046     ,INDOCAFE FB 100 BTL,14423.75,PCS  ,9311931182064       
1352                ,00046     ,INDOCAFE FB 50 GELAS,7768.75,PCS  ,9311931182026       
1354                ,00071     ,EXTRA JOSS X, FIT TMD,JAHE,2687.50,PCS  ,8993058301101       
1356                ,00046     ,INDOCAFE OB 180 G,20707.50,PCS  ,9311931182484       
1358                ,00046     ,INDOCAFE OB 50G BTL,9473.75,PCS  ,9311931182354       
1359                ,00046     ,INDOCAFE OB 100G BTL,13312.50,PCS  ,9311931182361       
136                 ,00007     ,TIM TAM WFR ORANGE 100,6392.50,PCS  ,9556068724910       
1360                ,00046     ,INDOCAFE FB REF 100G,12622.50,PCS  ,9311931182262       
1361                ,00012     ,SOSRO GREEN TEA KY MNS 20,1901.25,PCS  ,8996006855275       
1362                ,00046     ,INDOCAFE SPC SET 150,12031.25,PCS  ,9311931188011       
1364                ,00046     ,INDOCAFE COFFEMIX KTK 5``S,4193.75,PCS  ,9311931184037       
1365                ,00046     ,INDOCAFE CREAMER 200 BTL,7906.25,PCS  ,9311931183047       
1370                ,00131     ,MR KUNIR ASAM,2500.00,DOS  ,8993007001021       
1379                ,00003     ,NESTLE CERELAC BM/KHIJAU 80,13500.00,PCS  ,8992696419469       
1380                ,00090     ,KRATINGDAENG REG.BTL 150M,3187.50,PCS  ,8886057883665       
1382                ,00174     ,DAHLIA WITH CASE K-23,10990.00,PCS  ,8886012800232       
1385                ,00112     ,TAS SPORTY,1093.75,PCS  ,1385                
1387                ,00172     ,MITU B SABUN MANDI BTL 200,10988.75,PCS  ,1387                
1388                ,00009     ,LEO SYRUP ALL VAR 650 ML,10990.00,PCS  ,1388                
1389                ,00172     ,MITU B SABUN MANDI REF.200ML,10990.00,PCS  ,8992745550440       
139                 ,00019     ,DELFI TAKE IT WFR 34,2598.75,PCS  ,8991001112156       
1390                ,00008     ,AGRO SARI STROW 500,56857.50,PCS  ,8995181600137       
1392                ,208       ,M-150 ENERGY DRINK 150ML,2900.00,PCS  ,8851123212038       
1393                ,00046     ,MAX CREAMER 50X3 GR,10381.25,PCS  ,9311931183146       
1394                ,00012     ,FRUIT TEA FUSION 200,1615.00,PCS  ,8996006853448       
1396                ,00012     ,FRUIT TEA MELON,1432.50,PCS  ,8996006841087       
1397                ,207       ,HOTIN CREAM ARMTHRP BTL 60ML,2406.25,PCS  ,8997021870557       
140                 ,00019     ,DELFI TAKE IT BISKUIT 38,2598.75,PCS  ,8991001112149       
1400                ,00175     ,NATURADE GOLD,5887.50,PCS  ,8992772333061       
1410                ,00046     ,MAX CREAMER 200 GR BTL,8923.75,PCS  ,9311931183023       
1412                ,00046     ,MAX CREAMER 500 GR DUS,17490.00,DOS  ,9311931183160       
1413                ,00046     ,MAX TEA LEMON TEA KTK 5`S,3630.00,PCS  ,9311931802207       
1414                ,00090     ,KRATIDAENG LOW SUGAR,3023.75,PCS  ,8886057001519       
1415                ,00046     ,MAX CREAMER TOPLES 280,10161.25,PCS  ,9311931183016       
1424                ,00019     ,PANTENE SHP A. LEPEK 70ML,3652.50,PCS  ,4902430792219       
1425                ,00040     ,SUKSESS MIE GRG AYAM KCP,4791.25,DOS  ,8998866201667       
1426                ,00019     ,REJOICE COND. P.SMOOTH 170ML,2970.00,PCS  ,4902430772167       
1427                ,00019     ,REJOICE SHP P.FRESH 170 ML ,3652.50,PCS  ,4902430772648       
1428                ,00176     ,CHOCOLATOS MATCHA DRINK10X28,9896.25,DOS  ,8992775000816       
143                 ,00176     ,GARUDA KCG KULIT BWG 90,3500.00,PCS  ,8992775112137       
1430                ,00112     ,BABYDOLL AMRO 1E,2523.75,PCS  ,1430                
1431                ,00112     ,BABYDOLL ANNE CLAIRE 1E,2523.75,PCS  ,                    
1432                ,00019     ,REJOICE SHP P.SMOOTH 170 ML,2523.75,PCS  ,4902430772020       
1436                ,00012     ,FRUIT TEA X-TREME 200,1615.00,PCS  ,8996006853462       
1438                ,00012     ,FRUIT TEA BLAST 200,1615.00,PCS  ,8996006853455       
1439                ,217       ,KACANG OVEN UWENAK 200,4791.25,PCS  ,1439                
144                 ,00103     ,BISKUAT SUSU 160,5001.25,PCS  ,8992716108465       
1440                ,00131     ,MR SLEEMING TEA 15`S,13100.00,PCS  ,8995151160029       
1441                ,00131     ,MR SLEEMING TEA BESAR,23100.00,PCS  ,8995151160012       
1443                ,00003     ,NESCAFE 3/1 CREME 25X16GR,21263.75,PCS  ,8992696415706       
1448                ,00175     ,INACO NATA SELASIH CUP ST200,3258.75,PCS  ,8992726964785       
1450                ,00176     ,NUTRI TEA APEL,6600.00,PCS  ,749921007193        
1451                ,00176     ,NUTRI TEA LEMON,6600.00,PCS  ,749921007162        
1454                ,00176     ,HORE MANGGA,2067.50,PCS  ,749921005212        
146                 ,00176     ,GERY KRAKER BERAS KEJU,7500.00,PCS  ,8992775313039       
1462                ,00176     ,NUTRISARI JRK KP 175 PCH,7515.00,PCS  ,749921005823        
1467                ,00176     ,NUTRISARI POUCH 175 MANIS,7515.00,PCS  ,749921005816        
1468                ,00176     ,NUTRISARIJRK NP 175 PCH,7515.00,PCS  ,749921005847        
1483                ,0179      ,SOSRO CELUP BLACK TEA,4687.50,SLOP ,8886007811052       
1484                ,0179      ,SOSRO CELUP HIJAU 25,5500.00,SLOP ,8886007811236       
1485                ,105       ,CALPICO MINI STRAW BTL 90,1250.00,PCS  ,8992714042068       
1486                ,0179      ,SOSRO CELUP MERAH 15,2000.00,SLOP ,8886007811533       
1487                ,0179      ,SOSRO CELUP MERAH 30`S,3437.50,SLOP ,8886007811076       
1488                ,0179      ,SOSRO CELUP MERAH 50,5937.50,SLOP ,8886007811502       
149                 ,00019     ,DELFI CHACHA MINI CHOCO 30,1870.00,BOX  ,8991001501042       
1490                ,A0110     ,CB MILK BATH SOFT&SMOOTH 400,2625.00,PCS  ,8998103101026       
1496                ,00069     ,SPRITE 1.5LT PET,11125.00,PCS  ,8992761136031       
1497                ,00069     ,SPRITE CAN 330 ML,3947.50,PCS  ,8992761111038       
1499                ,194       ,GOOD DAY CAPPU GRANUL 25,3802.50,RTG  ,8991002103764       
1504                ,00170     ,FRUTANG ASAM JAWA,715.00,PCS  ,8992780020281       
1505                ,188       ,ULTRA SARI ASEM ASLI 250,3500.00,DOS  ,8998009030031       
1506                ,A0098     ,WRD SEAWEED BALANCING FW 100,2812.50,PCS  ,8993137695213       
1507                ,0181      ,TEH GOPEK,1511.25,PCS  ,8992780010015       
1508                ,211       ,LILIN PMP/MEJA 12 S,21263.75,PCS  ,1508                
151                 ,00019     ,DELFI CHACHA PEANUT 80,4785.00,BOX  ,8991001501028       
1510                ,00008     ,AGRO SARI SIRSAT 500,3486.25,PCS  ,8995181600243       
1511                ,00069     ,SPRITE 500,4791.25,PCS  ,8993514110032       
1514                ,A0030     ,TORABIKA 3IN1 5X20GR,587.50,DOS  ,8998666001931       
1515                ,00158     ,TORABIKA 3 IN 1 BOX,4088.75,PCS  ,8886001100367       
1517                ,A0030     ,TORABIKA CAPPUCCINO 25G,968.75,DOS  ,8996001414002       
1518                ,00012     ,FRUIT TEA KLG BLACK,2916.25,PCS  ,8996006822314       
152                 ,00019     ,DELFI CHACHA PEANUT WRN 60 G,4785.00,BOX  ,8991001501097       
1520                ,00158     ,TORA CAFE VOLCANO 10X28G,5052.50,DOS  ,8998666002006       
1521                ,00012     ,FRUIT TEA KLG BLAST,2916.25,PCS  ,8996006853486       
1522                ,00012     ,FRUIT TEA KLG MELON,2603.75,PCS  ,8996006822383       
1526                ,A0030     ,TORABIKA DUO 5X25G,3575.00,DOS  ,8996001401033       
1527                ,A0098     ,WRD EXCL MATTE LIP C 09 4GR,2061.25,PCS  ,8993137694476       
1538                ,00158     ,ADEM SARI DUS 6`S,6228.75,BOX  ,8992772123068       
1539                ,00158     ,VEGETA ORANGE DUS,3281.25,BOX  ,8992772233040       
154                 ,00019     ,DELFI TAKE IT WAFER 17G,1251.25,PCS  ,8991001111425       
1540                ,00071     ,EXTRA JOSS-LG,4500.00,PCS  ,8993058100810       
1541                ,A0030     ,ENERGEN KCG HIJAU BAG 10,9843.75,DOS  ,8996001603048       
1543                ,00122     ,HEMAVITON HEALTH DRINK,2812.50,PCS  ,8999908059109       
1544                ,A0030     ,ENERGEN VANILA BAG 10,10468.75,DOS  ,8996001603031       
1548                ,A0049     ,RICHEESE AHH 50G,4031.25,PCS  ,8993175544740       
155                 ,00019     ,DELFI TOP CHOCO 16,1015.00,BOX  ,8991001242013       
1550                ,00019     ,BENDERA FRUITY  BTL ANGR 120,1137.50,PCS  ,8992753372003       
1552                ,00019     ,BENDERA FRUITY  BTL STRW 120,1137.50,PCS  ,8992753374007       
1557                ,00071     ,KARA SARI KLP PLAIN 360,3231.25,PCS  ,8992709416249       
1558                ,A0106     ,ABC TERASI UDANG 20 X 4.2,3347.50,PCS  ,711844340008        
1560                ,A0012     ,PIATOS DUO DGG BKR-NORI 25G,4480.00,PACK ,8996196003357       
1565                ,210       ,LOSOSA GARAM 100 GR,6250.00,PCS  ,8991045241003       
1567                ,A0106     ,ABC KCP ASIN 133 ML,2250.00,PCS  ,711844115057        
1568                ,00019     ,ABC KCP ASIN BTL 625,6712.50,PCS  ,711844115033        
1569                ,00019     ,ABC KCP MANIS 6X30ML,3691.25,DOS  ,8994907000381       
1571                ,00019     ,ABC KCP MANIS 620 BTL,15366.25,PCS  ,711844110052        
1572                ,A0106     ,ABC KCP MANIS BTL 275M,6715.00,PCS  ,711844110083        
1574                ,A0106     ,ABC KCP MNS 135 ML,3207.50,PCS  ,711844110113        
1575                ,0183      ,BUMBU PECEL TIDAK PEDAS,5000.00,PCS  ,8991199322191       
1577                ,A0106     ,ABC KCP MNS PET 600 ML,9453.75,PCS  ,711844110038        
1580                ,00019     ,ABC MACK CHILLI 155GR,3168.75,PCS  ,711844330306        
1581                ,A0106     ,ABC MACK TOMATO 425,7920.00,PCS  ,711844330214        
1582                ,00019     ,ABC MACK TOMATO SAUCE 155,3168.75,PCS  ,711844330207        
1583                ,A0106     ,ABC MACK CHILLI 425,7921.25,PCS  ,711844330313        
1584                ,A0106     ,ABC SBL ASLI 135 ML,3537.50,PCS  ,711844120037        
1585                ,00019     ,ABC SBL ASLI 335ML,7748.75,PCS  ,711844120013        
1586                ,A0106     ,ABC SBL ASLI SAC 24X9G (91),3891.25,PCS  ,711844120310        
1587                ,00019     ,ABC SBL EXT PEDAS 135,3537.50,PCS  ,711844120082        
1590                ,A0106     ,ABC SBL MANIS PEDAS135,3446.25,PCS  ,711844120105        
1594                ,00071     ,SUN KARA TETRA PACK 65,3331.25,PCS  ,8992717781025       
1595                ,A0106     ,ABC SAOS TOMAT SASET,3891.25,PCS  ,711844130319        
1596                ,A0106     ,ABC SARDINES CHILI 155,3598.75,PCS  ,711844330108        
1597                ,A0106     ,ABC SARDINES TOMAT 155,3546.25,PCS  ,711844330009        
1598                ,A0106     ,ABC SARDINES TOMAT 425,8207.50,PCS  ,711844330016        
1599                ,A0106     ,ABC SARDINES CHILI 425,8207.50,PCS  ,711844330115        
1600                ,00019     ,ABC SAUS ASAM MANIS 195,4842.50,PCS  ,711844140219        
1602                ,A0106     ,ABC SAUS TIRAM 195,7218.75,PCS  ,711844140028        
1603                ,00019     ,ABC SAUS TIRAM 425,10586.25,PCS  ,711844140011        
1604                ,A0106     ,ABC SBL EX PEDAS 335ML,7733.75,PCS  ,711844120075        
1605                ,00019     ,ABC SBL MNS PEDAS 335ML,7750.00,PCS  ,711844120099        
1606                ,00016     ,FINNA BUMBU TOM YAM 50,2533.75,PCS  ,8991818110338       
1607                ,A0106     ,ABC TOMAT BTL 340ML,6750.00,PCS  ,711844130012        
1608                ,A0106     ,ABC TOMAT 135,3023.75,PCS  ,711844130111        
1610                ,0183      ,BUMBU PECEL KELUD KECIL,1937.50,PCS  ,711844120815        
1611                ,105       ,AJINOMOTO  50GR,1418.75,PCS  ,8992770011060       
1612                ,00067     ,L`AGIE FEBBY POLOS,1653.75,PCS  ,8992957361131       
1613                ,00043     ,AJINOMOTO 100GR,2700.00,PCS  ,8992770011084       
1614                ,00067     ,L`AGIE FEBBY WARNA,1812.50,PCS  ,8992957352047       
1615                ,105       ,AJINOMOTO 250GR,6375.00,PCS  ,8992770011091       
1616                ,00016     ,FINNA KING LOBSTER 200,6062.50,PCS  ,8992770011107       
1617                ,A0106     ,ABC KCP MNS REF 520,9515.00,DOS  ,7118441101378       
1618                ,00067     ,L`AGIE SAFARI COKLAT 100,2000.00,PCS  ,8992957214307       
162                 ,00002     ,TOP SQUARE PUFF,5436.25,DOS  ,8888166990876       
1620                ,A0113     ,BUMBU PECEL  KARANGSARI,5000.00,PCS  ,8991199322191       
1621                ,0183      ,BUMBU PECEL PEDAS,5000.00,PCS  ,8991199122197       
1622                ,0185      ,GARAM KAPAL 500 G,525.00,PACK ,8993111115003       
1624                ,00004     ,CIP S.MUSHROOM PEELED 425,6318.75,PCS  ,8999005000059       
1626                ,0183      ,BUMBU PECEL KELUD BESAR,4250.00,PCS  ,8888327881012       
163                 ,00176     ,DUETO MILK ROLL 132,3593.75,PCS  ,89686680218         
1638                ,210       ,LOSOSA GARAM 500,16250.00,DOS  ,8991045245001       
1639                ,00016     ,DOLPIN GARAM 500,2300.00,DOS  ,011747234191        
1641                ,00016     ,DOLPIN GARAM MEJA 250G,1161.25,DOS  ,011747234160        
1643                ,00016     ,FINNA DIPPING FOR CHIC 340,10312.50,PCS  ,8991818100124       
1645                ,00016     ,FINA OYSTER SAUS,7577.50,PCS  ,8850213102006       
1646                ,00016     ,FINNA SAMBAL EXT HOT 340,6875.00,PCS  ,8991818100025       
1647                ,00016     ,FINNA BUMBU LODEH 50,3368.75,PCS  ,8991818110109       
1648                ,00016     ,FINNA BUMBU BALI 50,2533.75,PCS  ,8991818110116       
1649                ,00071     ,KARA NATA DE COCO CUP 220,3231.25,DOS  ,8992717822209       
165                 ,00002     ,TOP CREAM CRAKERS,4936.25,DOS  ,8888166990869       
1650                ,00023     ,KARA SARI KLP CCPDN 1000.,7548.75,PCS  ,8992717781001       
1653                ,00016     ,FINNA BUMBU GULAI,3368.75,PCS  ,8991818110093       
1654                ,00016     ,FINNA BUMBU KARE 50,3368.75,PCS  ,8991818110000       
1655                ,00016     ,FINNA BUMBU NASI GRG 50,3368.75,PCS  ,8991818110048       
1656                ,00016     ,FINNA BUMBU OPOR,3368.75,PCS  ,8991818110079       
1657                ,00016     ,FINNA BUMBU RAWON 50,3368.75,PCS  ,8991818110017       
1658                ,00016     ,FINNA BUMBU RENDANG,3368.75,PCS  ,8991818110086       
1659                ,00016     ,FINNA BUMBU RUJAK,1993.75,PCS  ,8991818110024       
166                 ,00176     ,DUETO ORANGE ROLL 132GR,3773.75,PCS  ,89686680355         
1660                ,00016     ,FINNA BUMBU SOTO,3368.75,PCS  ,8991818110031       
1662                ,00016     ,FINNA TEPUNG BMB 200 GR,4401.25,PCS  ,8991818200084       
1663                ,00016     ,FINNA TB AYAM GORENG,1437.50,PCS  ,8991818111076       
1664                ,00016     ,FINNA TERASI KENANGA,3850.00,PCS  ,11747234139         
1665                ,00016     ,FINNA TERASI KENCANA,4400.00,PCS  ,11747234115         
1666                ,00016     ,FINNA BUMBU SAYUR ASAM 50,3368.75,PCS  ,8991818110277       
1671                ,105       ,SAJIKU  AYAM GRG TRA/ORI25,1375.00,PCS  ,8992770074010       
168                 ,00176     ,DUETO STRAWBERY ROLL 132G,3593.75,PCS  ,89686680454         
1682                ,00023     ,GARAM MJ REFINA BOTOL 100,4687.50,PCS  ,8993226311000       
1686                ,00131     ,MR MINYAK CEM CEMAN 175,3375.00,PCS  ,8995151130121       
169                 ,A0030     ,ROMA BETTER VANILA 4 X 22,5442.50,PCS  ,8996001318010       
1699                ,00004     ,KARDUS PARCEL BESAR,2000.00,PCS  ,1699                
170                 ,00136     ,KACANG SHANGHAI DK 450,12250.00,PCS  ,8995077600364       
1705                ,207       ,GARNIER MOIST CREAM 20,12000.00,PCS  ,8991380700623       
1708                ,00016     ,FINNA PANKO 200,9070.00,PCS  ,8992704001990       
1727                ,00064     ,BUBUK LADA HITAM,7736.25,PCS  ,1727                
1729                ,00023     ,KARA SANTAN 200ML,4083.75,PCS  ,8886303220039       
1730                ,A0086     ,POCARI SWEAT PET 500,5577.50,DOS  ,8997035563414       
1731                ,A0106     ,ABC KCP MANIS REF 225,4273.75,DOS  ,711844110144        
1732                ,0181      ,KECAP IKAN BADER,9600.00,DOS  ,1732                
1733                ,00058     ,DEL MONTE KERNEL CORN,10687.50,PCS  ,24000163022         
1736                ,00016     ,KECAP LARON KUNING 600 BTL,12031.25,PCS  ,0                   
1738                ,00016     ,KECAP LARON KUNING 150,5018.75,PCS  ,1738                
1740                ,00131     ,MR GULA ASEM 200,2578.75,DOS  ,8995151170042       
1742                ,00016     ,FINNA TPG BUMBU TEMPURA,1475.00,PCS  ,0                   
1743                ,00016     ,FINNA BUMBU DAGING LADA H50,3575.00,PCS  ,8991818110291       
1747                ,A0060     ,KECAP SATE MERAH 620ML,8375.00,PCS  ,8996168114517       
1749                ,00103     ,SOFTNESS PANTY SJ P 50,5973.75,PCS  ,8992873150505       
1751                ,00016     ,DOPLIN GARAM 1 KG,3092.50,PCS  ,8992755212437       
1754                ,212       ,MIWON GARAM GURIH 250,1417.50,PACK ,8998008153014       
1758                ,00016     ,GREATWALL CORNED BEEF 380,6965.00,PCS  ,8992755222115       
1761                ,00040     ,SEDAP MIE AYM BWG TLR 73 G,6562.50,DOS  ,8998866201568       
1762                ,00131     ,PONDAN TPG GRG PISANG 100,1875.00,PCS  ,8995899110416       
1763                ,A0106     ,ABC KCP MNS PET NEW 600,8752.50,PCS  ,711844110021        
1764                ,105       ,SAJIKU NASI GORENG AYAM,1375.00,PCS  ,8992770054012       
1765                ,105       ,SAJIKU NASI GORENG UDANG,1375.00,PCS  ,8992770054029       
1767                ,00023     ,KOBE BONCABE LEV-15 (7GR),1812.50,PCS  ,8995899250143       
1770                ,00023     ,KOBE PUTIH 90,1812.50,PCS  ,8995899110119       
1772                ,00054     ,KOKITA SBL TERASI 10X15GR,8625.00,PCS  ,8991003678407       
1779                ,00054     ,KOKITA BMB AYAM GORENG 60,2875.00,PCS  ,649626012051        
1786                ,00016     ,KECAP LARON BIRU 600 BTL,10037.50,PCS  ,1786                
1787                ,00054     ,KOKITA BMB NASI GRG SEDAP,2875.00,PCS  ,8991003101387       
1788                ,00054     ,KOKITA BMB NASI GRG MILD 60,2875.00,PCS  ,649626011023        
1789                ,00054     ,KOKITA BMB RENDANG 60 ML,2875.00,PCS  ,8991003012065       
1790                ,00054     ,KOKITA BMB NASI GRG PEDAS,2875.00,PCS  ,649626011016        
1791                ,00054     ,KOKITA BMB NASI GRG E.MILD,2875.00,PCS  ,649626011030        
1792                ,00016     ,FINNA BUMBU AYM GRG 50,3368.75,PCS  ,8991818110314       
1794                ,00054     ,KOKITA K.SAMBEL HOT 400GR,9310.00,PCS  ,649626016080        
1795                ,00054     ,KOKITA K.SAMBEL MILD 400,9310.00,PCS  ,649626016097        
1797                ,00054     ,KOKITA SAMBAL CABE 400,6625.00,PCS  ,649626016059        
1798                ,00031     ,TESSA TP-01,1326.25,PCS  ,8992931005013       
1799                ,00016     ,KECAP BIRU 150,4743.75,PCS  ,8991003060745       
1800                ,00054     ,KOKITA SBL ASAM MANIS 225,5312.50,PCS  ,8991003070362       
1801                ,00054     ,KOKITA SAUS TOMAT 400 GR,5812.50,PCS  ,89686180015         
1802                ,00054     ,KOKITA SBL BDG RPS 400G,6625.00,PCS  ,8991003015059       
1805                ,00054     ,KOKITA SMB BDG PDS 400 GR,6625.00,PCS  ,8991003015073       
1808                ,105       ,SAORI SAOS TIRAM 30 G,1687.50,PCS  ,8992770094117       
1810                ,00016     ,FINNA TB SERBAGUNA 90,1437.50,PCS  ,8991818111069       
1811                ,A0106     ,ABC KCP MANIS REF 70ML,1687.50,PCS  ,711844110182        
1812                ,210       ,LOSOSA GARAM 250,9375.00,DOS  ,8991045242505       
1817                ,00019     ,FINNA PETIS SUPER 250,8670.00,PCS  ,8994063101038       
1818                ,A0106     ,ABC SARDINES EXT PDS 155,3521.25,PCS  ,711844330122        
1819                ,A0106     ,ABC SARDINES EXT PDS 425,8360.00,PCS  ,711844330153        
182                 ,00031     ,GOOD TIME TEDDY CKT 33,1631.25,PCS  ,8886015246365       
1824                ,00018     ,ETIRA WHOLE,4125.00,PCS  ,8995209800082       
1825                ,00016     ,MA-LING GREEN PEAS 397/24,4687.50,PCS  ,6901009052028       
1826                ,105       ,MASAKO AYAM 50,2250.00,PCS  ,8992770034045       
1827                ,105       ,MASAKO SAPI 50,531.25,PCS  ,8992770034090       
1829                ,00103     ,MASAKO AYAM 250,2250.00,PCS  ,8992770034151       
1830                ,00103     ,MASAKO SAPI 250,531.25,PCS  ,8992770034168       
1831                ,105       ,MASAKO AYAM 6X9G,3000.00,PCS  ,8992770035110       
1832                ,00103     ,OREO DARK & WHITE CHOC 137,4125.00,PCS  ,7622210708434       
1833                ,00016     ,NARCISCUS MUSHROOM 425,9375.00,PCS  ,6901009000289       
1834                ,00131     ,PONDAN TPG GORENG 100 G,1875.00,PCS  ,8992786200076       
1835                ,00172     ,HIT AER EXPERT S.FLWR 415+65,5125.00,PCS  ,8992745130420       
1848                ,00131     ,PONDAN FRIED CK 50 GR,2000.00,PCS  ,8992786400018       
1849                ,00131     ,PONDAN KENTUCKY 100 GR,1940.00,PCS  ,8992786200113       
185                 ,A0013     ,TARO NET POTATO 16,950.00,DOS  ,8999999000059       
1851                ,00089     ,VIVA HBL MANGIR ADVOCADO,3228.75,PCS  ,8992796022217       
1852                ,00054     ,PONDAN KENTUCKY 200 GR,3437.50,PCS  ,8992786200090       
1853                ,00175     ,PRONAS CORNED BEEF 198,10901.25,PCS  ,8992804119816       
1854                ,00175     ,PRONAS CORNED BEEF 340GR,16511.25,PCS  ,8992804113401       
1855                ,00175     ,PRONAS SARDEN TOMAT155,3358.75,PCS  ,8992820115519       
1856                ,00175     ,PRONAS SARDEN CHILI425,7907.50,PCS  ,8992804900575       
1857                ,00175     ,PRONAS SOSIS AYAM 325,12052.50,PCS  ,8992804153254       
1858                ,00175     ,PRONAS SOSIS SAPI 325 GR,12075.00,PCS  ,8992804143255       
1859                ,00175     ,PRONAS SOSIS SAPI 425 GR,14708.75,PCS  ,8992804144252       
186                 ,00158     ,GT TARTVFRUIT BLKIBERY,5983.75,PCS  ,8886015243074       
1869                ,105       ,SAJIKU TB SERBAGUNA 90 G,1800.00,PCS  ,8992770061010       
188                 ,00158     ,GT TART FRUIT RSBERRY,6392.50,PCS  ,8886015244088       
1887                ,00031     ,MIC MAC CHEESE 147,4000.00,PCS  ,8886015508159       
1896                ,00016     ,FINNA SARDINES 425,6600.00,PCS  ,8993297514256       
1897                ,00016     ,INTERFOOD SHRIMP/UDANG 24,21340.00,PCS  ,8992704001518       
1900                ,00071     ,SUN KARA SANTAN KELAPA200,3283.75,DOS  ,8992717102509       
1903                ,00016     ,HOME SARDENIS 155,1712.50,PCS  ,8993297521551       
1904                ,00071     ,NERIL AD 100,26125.00,PCS  ,8991380800422       
1905                ,00019     ,H&S BLACK 5 ML,2970.00,PCS  ,4902430069632       
1906                ,00019     ,H&S BLACK 200 ML,25213.75,PCS  ,4902430069663       
1907                ,00019     ,PANTENE LONG BLACK 100 ML,9157.50,PCS  ,4902430071185       
1908                ,00019     ,H&S BLACK 100 ML,13303.75,PCS  ,4902430069656       
1909                ,00019     ,EXQUISIT HT HERBAL 75,18067.50,PCS  ,8996262952954       
1910                ,00019     ,PANTENE BLACK 400,36011.25,PCS  ,4902430015646       
1911                ,00019     ,EXQUISIT HT ACTIVE 75,16425.00,PCS  ,8996262952756       
1912                ,00019     ,EXQUISIT HT GINSENG 75,18067.50,PCS  ,8996262953456       
1913                ,00019     ,PANTENE DAILY MOIST 340,33660.00,PCS  ,4902430538626       
1915                ,00071     ,NERIL ANTI GUARD,26125.00,PCS  ,8991380800248       
1917                ,00019     ,REJOICE SHP ANT HAIRFALL 340,2970.00,PCS  ,4902430473231       
1920                ,00131     ,NATUR C KETOMBE 140,14148.75,PCS  ,8992928201404       
1927                ,00067     ,L`AGIE GOLDEN CITY MINI 50,1593.75,PCS  ,8992957220025       
1928                ,00067     ,L`AGIE GOLDEN CITY BALL 50,1968.75,PCS  ,8992957361124       
1929                ,00067     ,L`AGIE GOLDEN CITY WARNA 50,1408.75,PCS  ,8992957354201       
193                 ,00176     ,GERY KRAKER BERAS 10X5.6 GR,4500.00,PCS  ,8992775000779       
194                 ,00176     ,GERY WFR CREAM CVANILA 80,2303.75,PCS  ,8992775312247       
1943                ,A0044     ,LARIS JAYA GADUNG,18960.00,PCS  ,1943                
1958                ,00019     ,OLAY WHT RADIANCE LOT 30,19737.50,PCS  ,4902430990547       
1959                ,00069     ,FANTA IMUT ORANGE 250,7146.25,DOS  ,8992761145071       
1960                ,00083     ,PUCELL COL TRANG BLUE 60,7291.25,PCS  ,8992222092012       
1961                ,00019     ,HERBAL ESSENCES AD 5ML,2970.00,PCS  ,4902430951531       
1962                ,00040     ,EMERON SHP S MAWAR 330,11125.00,PCS  ,8998866100656       
1963                ,00040     ,EMERON SHP AK 80,3310.00,PCS  ,8998866103114       
1964                ,00040     ,EMERON SHP HAIR FALL 80,3310.00,PCS  ,8998866100595       
1965                ,00040     ,EMERON SHP GINSENG M 90,3310.00,PCS  ,8998866100632       
1966                ,00040     ,EMERON SHP AK 170,6670.00,PCS  ,8998866103121       
1967                ,00040     ,EMERON SHP HAIRFALL 170,7250.00,PCS  ,8998866100601       
1968                ,00040     ,EMERON SHP SOFT & SMOOTH 170,7250.00,PCS  ,8998866100649       
1969                ,00040     ,EMERON SHP S SRAIGHT 270,11125.00,PCS  ,8998866104111       
1970                ,00040     ,EMERON SHP A KETOMBE 270,10235.00,PCS  ,8998866103138       
1971                ,00040     ,EMERON SHP L BUAYA 270,11125.00,PCS  ,8998866100618       
1972                ,00040     ,EMERON SHP U ARING 270,10235.00,PCS  ,8998866100571       
1973                ,00040     ,EMERON SHP BLACK SHINE 80,3310.00,PCS  ,8998866100557       
1975                ,00019     ,REJOICE LEAVE ON 50,6126.25,PCS  ,4902430091336       
1977                ,00019     ,PANTENE HAIRFALL 400,33660.00,PCS  ,8998866100861       
1979                ,00040     ,EMERON SHP BLACK SHINE 170,6670.00,PCS  ,8998866100564       
198                 ,00158     ,TIM TAM CHOCO COFFEE135,6541.25,PCS  ,8993085119007       
1981                ,00019     ,H&S CLEAN BALANCE EOL 70ML,9157.50,PCS  ,4902430102018       
1982                ,00019     ,H&S CLEAN&BALANCE 180ML,17975.00,PCS  ,4902430102254       
1983                ,00019     ,H&S SHP CLEAN&BLC 6X5ML,2970.00,STR  ,4902430963343       
1985                ,00019     ,H&S MENTHOL 75ML,9157.50,PCS  ,4902430102001       
1986                ,00019     ,H&S MENTHOL 180,17975.00,PCS  ,4902430102247       
1987                ,00019     ,H&S SHP MENTHOL 6X10ML,2970.00,STR  ,4902430566896       
1988                ,00019     ,H&S SHP SMOOTH&SILKY 6X5ML,2970.00,STR  ,4902430963367       
1989                ,00019     ,H&S SMOOTH&SILKY 90ML,9157.50,PCS  ,4902430002653       
1990                ,00019     ,H&S SMOOTH&SILKY 180ML,17975.00,PCS  ,4902430102230       
1991                ,00019     ,PANTENE HAIRFALL 70,9157.50,PCS  ,4902430391191       
1992                ,00019     ,PANTENE SHP HAIRFALL 6X5M,2970.00,STR  ,4902430264808       
1993                ,00019     ,PANTENE HAIR FALL 200,19613.75,PCS  ,4902430977234       
1994                ,00019     ,REJOICE BLACK 400,24750.00,PCS  ,4902430026963       
1995                ,00131     ,MR SHP DAUN LANDEP 175,9693.75,PCS  ,8995151130039       
1997                ,00040     ,ZINC SHP RE-FRESHING 135,8125.00,PCS  ,8998866100779       
200                 ,A0012     ,PIATOS KEJU 12,937.50,PACK ,8996196000059       
2000                ,00019     ,PANTENE COND HAIRFALL 75,9157.50,PCS  ,4902430272902       
2001                ,00019     ,REJOICE REVIVING 5 ML,2970.00,PCS  ,4902430026758       
2003                ,00019     ,PANTENE COND HAIR FALL 165,22925.00,PCS  ,4902430391900       
201                 ,A0012     ,PIATOS BARBEQUE 12,937.50,PACK ,8996196000202       
2012                ,00131     ,MR BILASAN SANTAN 175,12375.00,PCS  ,8995151130114       
2013                ,00051     ,MR. CREAM CEMCEMAN 175/200,18046.25,PCS  ,8995151130503       
2014                ,00051     ,M RATU MY CENDANA 175 ML,15000.00,PCS  ,8995151120122       
2015                ,00131     ,MR SHP DAUN TEH HIJAU 175,9693.75,PCS  ,8995151130497       
2016                ,00131     ,MR PENYUBUR R 175 ,15000.00,PCS  ,8995151130138       
2017                ,00131     ,MR SHP BAYAM 175,9693.75,PCS  ,8995151130060       
2018                ,00131     ,MR SHP DAUN WARU 175,9693.75,PCS  ,8995151130015       
2019                ,00131     ,MR SHP MERANG 175 ML,9693.75,PCS  ,8995151130046       
202                 ,00176     ,GARUDA KCG BAWANG 220,10395.00,PCS  ,8992775112120       
2023                ,00040     ,ZINC RE-VITALIZING 135,8375.00,PCS  ,8998866104517       
2024                ,00019     ,REJOICE BLACK 180,13767.50,PCS  ,4902430250184       
2025                ,00019     ,HERBAL WEIGHTY &STR 100,7765.00,PCS  ,4902430952118       
2026                ,00019     ,HERBAL WEIGHTY & STR 200,14478.75,PCS  ,4902430952125       
2027                ,00103     ,NATUR SUBUR RBT 80,6737.50,PCS  ,8992928060179       
2028                ,00131     ,NATUR PENGHITAM RBT 80,6737.50,PCS  ,8992928060148       
2029                ,00131     ,NATUR PERAWAT RBT 80,6737.50,PCS  ,8992928060209       
203                 ,A0012     ,PIATOS SAPI PANGGANG 12,937.50,PACK ,8996196000356       
2031                ,00131     ,NATUR MENCEGAH RTK 140 ML,11687.50,PCS  ,8992928121405       
2032                ,00103     ,NATUR MENCEGAH RTK 80 ML,6875.00,PCS  ,8992928810804       
2033                ,00040     ,NEOPON CAMOMILE SHP 200ML,13680.00,PCS  ,8996262929321       
2039                ,00019     ,REJOICE RICH 400,24750.00,PCS  ,4902430058155       
204                 ,00031     ,TIM TAM COOKIES CKT 120,6062.50,PCS  ,8886015428129       
2040                ,00019     ,REJOICE COMPLETE 400,25555.00,PCS  ,4902430058360       
2041                ,00019     ,REJOICE GINSENG VITAL 400,24750.00,PCS  ,4902430026925       
2042                ,00019     ,REJOICE GINSENG VITAL 200,13766.25,PCS  ,4902430026840       
2045                ,00019     ,PANTENE COND HEALTY 90,9157.50,PCS  ,4902430112307       
2046                ,00019     ,REJOICE FAMILY C 175,10890.00,PCS  ,4902430131773       
2047                ,00019     ,PANTENE ANTI D 170ML,19613.75,PCS  ,4902430400947       
2048                ,00019     ,PANTENE ANTI D 70,9157.50,PCS  ,4902430401173       
2049                ,00019     ,PANTENE AD 6X10 ML,2970.00,STR  ,4902430563864       
205                 ,A0044     ,STICK NANAS MANNA,497.50,PCS  ,205                 
2050                ,00019     ,PANTENE CON SMOOTSILKY 165,22925.00,PCS  ,4902430392716       
2051                ,00019     ,REJOICE FAMILY CLEAN 80,5692.50,PCS  ,4902430015509       
2052                ,00019     ,PANTENE COND LIVELY 100,11980.00,PCS  ,4902430047197       
2053                ,00019     ,PANTENE COND SMOOTH S 90,9157.50,PCS  ,4902430272872       
2054                ,00019     ,PANTENE COND 3MM TTL DMG 70,3993.75,PCS  ,4902430624541       
2057                ,00019     ,PANTENE LIVELY CLEAN 200,18401.25,PCS  ,4902430977197       
2058                ,00019     ,REJOICE SOFT & SMOOTH 6X6 ML,1608.75,STR  ,4902430432603       
2059                ,00019     ,PANTENE LIVELY CLEAN 5 ML,2457.50,PCS  ,4902430047081       
206                 ,00103     ,OREO PEANUT BTR & CHO29,4 GR,1041.25,BOX  ,8992760121083       
2060                ,00019     ,PANTENE COND 3MM HAIRFALL 70,22762.50,PCS  ,4902430624534       
2061                ,00019     ,PANTENE SHP BLACK 6X5,2970.00,STR  ,4902430975858       
2062                ,00019     ,PANTENE SHP NAT C F&L 6X10,36011.25,RTG  ,4902430563949       
2063                ,00019     ,PANTENE NEW NORMAL 400 ML,33592.50,PCS  ,4902430047692       
2064                ,00019     ,PANTENE BLACK 90  ML,9157.50,PCS  ,4902430015257       
2065                ,00019     ,PANTENE LONG BLACK 200,22878.75,PCS  ,4902430071192       
2066                ,00019     ,PANTENE SMOOTH SILKY 85,9157.50,PCS  ,4902430391184       
2067                ,00019     ,PANTENE SMOOTH SILKY 170,19613.75,PCS  ,4902430391498       
2068                ,00019     ,PANTENE SHP SMOOTH S 6X7,2970.00,STR  ,4902430975872       
2069                ,00019     ,PANTENE VOLOME FULLNES 10,9837.50,PCS  ,4902430015226       
2070                ,00019     ,PANTENE VOLUME FULLNES BA,2970.00,PCS  ,4902430013703       
2071                ,00019     ,PANTENE BLACK 170 ML,19812.50,PCS  ,4902430391382       
2072                ,00019     ,REJOICE AD 3 IN 1  6 X 6 ML,2970.00,STR  ,4902430468930       
2073                ,00019     ,REJOICE ANTI HAIRFAL 170 ML,13767.50,PCS  ,4902430428415       
2074                ,00019     ,REJOICE ANTI.D 100ML,7363.75,PCS  ,4902430058247       
2075                ,00019     ,REJOICE BLACK 5ML BANDED,2970.00,STR  ,4902430104203       
2076                ,00019     ,REJOICE SHP HAIRFAL 6 X 6 ML,2970.00,STR  ,4902430042338       
2078                ,00019     ,REJOICE BALANCED 200ML,12936.25,PCS  ,4902430058216       
2079                ,00019     ,REJOICE COMPLETE 90,7362.50,PCS  ,4902430104319       
2080                ,00019     ,REJOICE COMPLETE 180,13767.50,PCS  ,4902430250122       
2081                ,00019     ,REJOICE COMPLIT 6X5ML,2970.00,STR  ,4902430104289       
2082                ,00019     ,REJOICE FRUITY/FRUITY AD 180,13767.50,PCS  ,4902430104555       
2083                ,00019     ,REJOICE COND FRUITY 80,6682.50,PCS  ,4902430249690       
2084                ,00019     ,REJOICE RICH 90,7362.50,PCS  ,4902430249898       
2085                ,00019     ,REJOICE RICH BTL 240,13767.50,PCS  ,4902430222471       
2086                ,00019     ,REJOICE RICH (5.5ML X 2) X 6,2970.00,STR  ,4902430660525       
2087                ,00019     ,PANTENE LEAVE ON/H 6X5ML,2970.00,PCS  ,4902430251075       
2088                ,00019     ,PANTENE BLACK COND 7,5,2970.00,PCS  ,4902430975803       
2090                ,00019     ,REJOICE BLACK SILKY BLACK 90,7362.50,PCS  ,4902430249843       
2107                ,00040     ,ZINC RE-ENERGZ 135,8125.00,PCS  ,8998866100755       
212                 ,00002     ,KG ASS RED BULAT 1000G,20093.75,DOS  ,8888166336933       
2123                ,00019     ,PANTENE HEALTY SCALP 90,9157.50,PCS  ,4902430112338       
2124                ,00019     ,PANTENE HEALTY SCALP 200,19812.50,PCS  ,8999999702908       
2133                ,00167     ,ABC MIE GULE SALERO 70,825.00,DOS  ,8992388133284       
2135                ,00102     ,ABC MIE OPOR,873.75,PCS  ,8992388111251       
2139                ,00019     ,ABC MIE SP GRG AYAM LIMAU,896.25,DOS  ,8992388112340       
214                 ,0179      ,MR.P KACANG MADU 40GR,2627.50,PACK ,8992709818401       
2140                ,A0094     ,ABC MIE SP GULAI AYAM ,873.75,DOS  ,8992388111206       
2141                ,00167     ,ABC MIE CUP KARI AYAM,2647.50,PCS  ,8992388121021       
2142                ,A0094     ,ABC MIE RASA AYAM BWG,825.00,DOS  ,8992388111237       
2143                ,00102     ,ABC MIE RBS BASO SAPI,825.00,PCS  ,8992388111220       
2145                ,A0094     ,ABC MIE SP SEMUR AYAM,873.75,DOS  ,8992388111138       
2146                ,00102     ,ABC MIE SOTO,782.50,PCS  ,8992388111213       
2147                ,00019     ,ABC MIE SP SUP TOMAT,873.75,DOS  ,8992388111145       
2148                ,00102     ,ABC MIE GRG PANGSIT,1017.50,PCS  ,2148                
215                 ,0179      ,MR.P KCG CHILI ROASTED 80GR,5253.75,PACK ,8992709838805       
2156                ,00090     ,YOU C1000 LEMON,3958.75,DOS  ,8997009510017       
2157                ,A0113     ,TEH BANDULAN KNG 80 GR,1128.75,PCS  ,8994300101081       
216                 ,0179      ,MR.P KCG MADU 80GR,5253.75,PACK ,8992709818807       
2162                ,A0069     ,TWISTKO JAGUNG BAKAR 70,2343.75,PCS  ,8994834002489       
2164                ,00023     ,CUP NOODLES UDANG CIS,2603.75,PCS  ,8992718001702       
2165                ,215       ,SARI ROTI LAPIS BAMKUHEN,953.75,PCS  ,8992907952891       
2166                ,A0002     ,SGM EKSPLOR 1+ VAN 600G,1062.50,PCS  ,8999099928666       
217                 ,00054     ,MR.P KC METTE MADU 80 GR,12541.25,PCS  ,8992709718800       
218                 ,0179      ,MR.P KCG GARLIC 40 GR,2627.50,PACK ,8992709848408       
2184                ,00019     ,SELAMAT BISC BLACK VNL102,1117.50,PCS  ,8991001770219       
2189                ,00172     ,CARRERA POLES M 20GX6S,2800.00,PCS  ,8992746700899       
219                 ,0179      ,MR.P KCG GARLIC ROASTED 80GR,5253.75,PACK ,8992709848415       
2190                ,00172     ,CARRERA SHAMPO M 30MX6S,2800.00,PCS  ,8992745705116       
2191                ,00172     ,STELLA MATIC LISTRIK(KECIL),3315.00,PCS  ,2191                
220                 ,0179      ,MR.P KCG CHILI ROASTED 40GR,2627.50,PACK ,8992709838409       
2200                ,00019     ,GILLETTE BLUE II PLUS 589,1326.25,PCS  ,8888826019589       
2203                ,00175     ,CAREFREE HEALTHY FRESH SD,1326.25,PCS  ,8850007331797       
2204                ,00175     ,CAREFREE HEALTHY ULTRA T 20,1326.25,PCS  ,8850007331810       
2209                ,00040     ,SEDAP MIE SAMBAL GORENG,1192.50,DOS  ,8998866200448       
2219                ,00131     ,SWEETY BRONZE PANTS M34,668.75,PCS  ,8992959953174       
222                 ,00103     ,OREO VANILA 137 GR ,4892.50,PCS  ,8992760122011       
2220                ,00131     ,SWEETY SAFE&SOFT L36,687.50,PCS  ,8992959508589       
2230                ,00131     ,ICE CREAM KOPYOR 150,512.50,PCS  ,                    
2231                ,00112     ,SEPATU ARDILES CLEAVER,548.75,PCS  ,2231                
2233                ,00019     ,GILLETTE UG BLU II PLUS 2S,520.00,PCS  ,8888855001432       
2234                ,00019     ,VICKS FORMULA 44 27 ML,543.75,PCS  ,4987176002679       
2237                ,00172     ,HIT AERO GREEN TEA 225,702.50,PCS  ,8992745120858       
224                 ,00103     ,OREO VANILA 29.4,1041.25,BOX  ,8992760121014       
2241                ,A0030     ,DRINK BENG-BENG 5X30 GR,1113.75,DOS  ,8996001431030       
2242                ,A0030     ,TORABIKA SUSU ESPRESSO 5X23G,750.00,DOS  ,8998666001917       
2244                ,A0034     ,EVEREADY HTM SEDANG 1235 2S,548.75,PCS  ,8999002245651       
225                 ,00103     ,OREO COKLAT CREEM 29.4,1068.75,BOX  ,8992760223022       
2252                ,00040     ,JAS JUS ALL SAC10,1360.00,PCS  ,8998866200097       
226                 ,00103     ,OREO DOUBLE STUF 152,4892.50,PCS  ,4893049130007       
2261                ,00004     ,MADU SARI MURNI TTK 650,7700.00,PCS  ,2261                
2273                ,00002     ,NS WFR LEMON 120,3703.75,PCS  ,8888166339934       
2282                ,00112     ,SEPATU CARVIL SOULMATE T,548.75,PCS  ,2282                
2284                ,00040     ,SEDAP MIE GORENG,1192.50,DOS  ,8998866200301       
229                 ,200       ,REGAL MARIE SUPERIOR 250G,13846.25,PCS  ,8993039112504       
2291                ,00071     ,EXTRA JOSS 10 TABLET,7500.00,PCS  ,8993058600105       
2293                ,00019     ,VICKS VAPARUP 50,20418.75,PCS  ,4987176000552       
2295                ,00131     ,HANSAPLAST BALSEM 10GR,2625.00,PCS  ,8999777767006       
2296                ,00131     ,HANSAPLAST BALSEM 20GR,4900.00,PCS  ,8999777927240       
2298                ,00019     ,VICKS VAPARUB 5 GR,2783.75,PCS  ,8999777768027       
230                 ,200       ,REGAL SUPERIOR 125 GR,7301.25,PCS  ,8993039111255       
2306                ,00171     ,KAYU PUTIH MINYAK B,6972.50,PCS  ,0                   
2308                ,00069     ,MM PULPY HOMESTY 350,7631.25,DOS  ,8992761164584       
2309                ,00102     ,TRENZ 30 ALL VAR,1036.25,PCS  ,089686681215        
231                 ,00103     ,RITZ CRACERS 100 GR,3312.50,PCS  ,8992760211029       
2314                ,A0045     ,GAJAH TELON 55 BOTOL,6972.50,PCS  ,8995179100137       
2315                ,00019     ,VAPORUB 50 GR,18187.50,PCS  ,4987176127426       
2316                ,00019     ,VICKS INHALER,8167.50,PCS  ,4902430393126       
2317                ,00019     ,VICKS VAPORUB 10 GR,4918.75,PCS  ,4987176600554       
2319                ,00031     ,MULTI MP-03,4162.50,PCS  ,8992931025035       
232                 ,00103     ,RITZ SANDWICH CHEESE 27,1041.25,BOX  ,4893049120046       
2320                ,00172     ,MITU TRAVEL PACK LEMON 5,876.25,PCS  ,8998899002835       
2321                ,00172     ,MITU ANN T PACK 5 KW,876.25,PCS  ,8998899002828       
2322                ,00172     ,MITU WETTIES BOX LMN 20,5510.00,PCS  ,8992745540144       
2323                ,00172     ,MITU T BOX SHIKADA 20,5248.75,PCS  ,8992745540793       
2325                ,00172     ,MITU T. BOX,5248.75,PCS  ,0                   
2326                ,00172     ,MITU T. BOX BABY B,P  20,5510.00,PCS  ,8992745540175       
233                 ,00103     ,RITZ SANDWICH CRAC CHESE 118,4367.50,PCS  ,4893049120008       
2330                ,00172     ,MITU BABY BOTOL BLUE,12146.25,PCS  ,8992750540412       
2331                ,00172     ,MITU BABY BOTOL PINK,12753.75,PCS  ,8992750540405       
2332                ,00172     ,MITU BABY REFILL BLUE,11287.50,PCS  ,8992750540511       
2333                ,00172     ,MITU WETTIES ASEPTIC BTL 60,12753.75,PCS  ,8992745540090       
2334                ,00172     ,MITU BOTOL COLOGNE 60,12753.75,PCS  ,8992750540429       
2335                ,00172     ,MITU WETTIES LEMON BTL 60,12147.50,PCS  ,8992750540436       
2336                ,00172     ,MITU WETTIES A.SEPTIC REF 60,10753.75,PCS  ,8992745540113       
2337                ,00172     ,MITU EXTRA THICK PINK 50,8895.00,PCS  ,8992745540830       
2338                ,00172     ,MITU REFILL COLOGNE 120,11287.50,PCS  ,8992750540535       
2339                ,00172     ,MITU WETTIES REFILL LEMON,11287.50,PCS  ,8992750540528       
2340                ,00172     ,MITU BABY REFILL PINK,11287.50,PCS  ,8992750540504       
2341                ,00172     ,MITU TRAVEL PACK BLUE 10S,2587.50,PCS  ,8992750540917       
2342                ,00172     ,MITU WETTIES PACK COLOGNE10,2587.50,PCS  ,8992745540878       
2343                ,00172     ,MITU WETTIES LEMON 10,2587.50,PCS  ,8992750540931       
2344                ,00172     ,MITU TRAVEL PACK PINK 10S,2587.50,PCS  ,8992750540900       
2348                ,00172     ,MITU REG REFIL BLUE 20S,10753.75,PCS  ,8992745540717       
2350                ,A0002     ,KOTEX SS SLIM 20,8023.75,PCS  ,8992812805497       
2351                ,00174     ,NICE BEUTIFUL FLOW.120`S,5003.75,PCS  ,8992759515541       
2352                ,00174     ,NICE EMBOS 6 ROLL,11862.50,PCS  ,8992759214048       
2359                ,00031     ,TESSA TPC-23,6637.50,PCS  ,8992931006232       
236                 ,A0030     ,ROMA CREAM CRACKERS 135 GR,3093.75,DOS  ,8996001302033       
2363                ,00031     ,PASEO COMPAC AOE 10,8905.00,PCS  ,8993053141214       
2364                ,00069     ,MM NUTRIBOOST UHT STR 180,5967.50,DOS  ,8992761151102       
2365                ,00069     ,MM NUTRIBOOST UHT ORG 180,8410.00,DOS  ,8992761151119       
2367                ,00033     ,OVALE MASKULIN OILFREE 75,6431.25,PCS  ,8993417061158       
2370                ,00103     ,PASEO HANKY COMP D.CLASS 6,4255.00,PCS  ,8993053141405       
2371                ,0181      ,KACANG KUPAS 500 GR,17212.50,PCS  ,2371                
2374                ,00103     ,PASEO HANDKY 4S WALET/6,3226.25,PCS  ,8993053141443       
2375                ,00103     ,PASEO COMP UMBRELLA 10,7471.25,PCS  ,8993053141054       
238                 ,A110      ,ROMA KELAPA 300GR,5625.00,DOS  ,8996001301142       
2380                ,00103     ,PASEO BATR 4 ROLL 280 S,14941.25,PCS  ,8993053211009       
2381                ,00031     ,PASEO BATROM 6 ROLL,22263.75,PCS  ,8993053211016       
2382                ,00172     ,MITU T REFIL B,P,L  20,3856.25,PCS  ,8992745540267       
2388                ,00031     ,PASEO STD ALOE VERA 1013,6026.25,PCS  ,8993053141016       
239                 ,A110      ,ROMA MALKIST CRACK 135 GR,2896.25,DOS  ,8996001302026       
2390                ,00031     ,PASEO STD EUCALYPTUS 1020,6153.75,PCS  ,8993053141023       
2394                ,00103     ,PASEO SOFTPACK 3PLY180,7035.00,PCS  ,8993053121087       
2396                ,00019     ,SQ BITES ALMOND 45,11287.50,PCS  ,8991001111807       
2398                ,00172     ,MITU TRAVEL PACK PINK 5,876.25,PCS  ,8992812122020       
240                 ,A110      ,ROMA MARIE SUSU 115GR,2750.00,DOS  ,8886001012233       
2409                ,A0044     ,PAI COKLAT SUPREZZ 85GR,3178.75,PCS  ,2409                
2411                ,00031     ,TESSA TP-02 SOFT PACK 250S,12718.75,PCS  ,8992931005020       
2412                ,00031     ,TESSA TM-05,4566.25,PCS  ,8992931002050       
2414                ,00031     ,TESSA TP-08,5190.00,PCS  ,8992931005082       
2417                ,00031     ,TESSA TOT-04,3262.50,PCS  ,8992931009547       
2418                ,00031     ,TESSA TP-10,9112.50,PCS  ,8992931005105       
2419                ,00031     ,TESSA TP-06 REF HORIZON,6012.50,PCS  ,8992931005068       
2421                ,00031     ,TESSA TPC-02,3178.75,PCS  ,8992931006027       
2423                ,00031     ,TESSA TPC-07,3262.50,PCS  ,8992931006072       
2424                ,00031     ,TESSA TPC-15,2312.50,PCS  ,8992931006157       
2427                ,00031     ,TESSA TPC-18,2890.00,PCS  ,8992931006188       
243                 ,00176     ,GERY SALUUT  COKLAT 7.5  G,6156.25,BOX  ,8992775312421       
2430                ,00031     ,TESSA WHITE HOTEL TS-04,2890.00,PCS  ,8992931001046       
2434                ,00031     ,NICE TISU EMBOS ROLL-4,7965.00,PCS  ,8992759214031       
2435                ,00031     ,MULTI MN-01,2418.75,PCS  ,8992931027015       
2436                ,00031     ,TESSA TP-09,2812.50,PCS  ,8992931005099       
2437                ,00172     ,MITU WETTIES ANTISEPTIC 10,2587.50,PCS  ,8992745540137       
244                 ,00031     ,NYAM NYAM FACE COOKIES,1062.50,PCS  ,8886001200401       
2449                ,00023     ,TOPLY HANDKCF STD BLLMN,3265.00,PCS  ,8992759144031       
2457                ,00031     ,TOPLY NAPKIN COLOUR,2236.25,PCS  ,8992759324129       
246                 ,00170     ,PISANG HIJAU,5625.00,PCS  ,0                   
2463                ,00071     ,KOMIX OBH,427.50,PCS  ,8993058301200       
247                 ,00019     ,SELAMAT ANYTIME 180 GR,7466.25,PCS  ,8991001790019       
2471                ,00019     ,WISPER REG FLOW W 10,11013.75,PCS  ,4902430044257       
2472                ,A0098     ,WRD REF EXCL TWC 03 12GR,9922.50,PCS  ,8993137679077       
248                 ,00019     ,SELAMAT ANYTIME ORANGE180,7466.25,PCS  ,8991001790026       
2483                ,A0098     ,WRD WS PURE BRIGHT CLE 150,5000.00,PCS  ,8993137684613       
2484                ,00167     ,CUSSON SW 17 CHARMING 75,6737.50,PCS  ,8998103003597       
2485                ,00033     ,PLASENTA HBL MERAH 600,7500.00,PCS  ,-                   
2487                ,A0098     ,WRD REF EXCL TWC 02 12GR,5000.00,PCS  ,8993137679060       
249                 ,00019     ,SELAMAT BISC CHO/G.CHOC 102G,5981.25,PCS  ,8991001770011       
2493                ,00089     ,VIVA SPRIT ON ADVENTURE,7812.50,PCS  ,8992796022965       
2494                ,00089     ,VIVA SPRIT ON SPORTY,7812.50,PCS  ,8992796022972       
2495                ,00089     ,VIVA HBL ASMARA CARROT,2083.75,PCS  ,8992796022033       
2496                ,00102     ,OLAY TOTAL WHT EXT 20,11261.25,PCS  ,8990090410334       
2497                ,00019     ,OLAY TOTAL WHT EXT LIGHT 40,20418.75,PCS  ,4902430997652       
2498                ,00019     ,OLAY TOTAL WHT EXT 80,36753.75,PCS  ,8990090300857       
2503                ,00089     ,VIVA HBL CHAMOMILE 100,2083.75,PCS  ,8992796022040       
2505                ,00040     ,HERS PROTEX SC REG 60,3750.00,PCS  ,8998866500029       
2507                ,00051     ,PUTERI BD SHR LAVEN 135,6800.00,PCS  ,8995151220914       
2508                ,00051     ,MR  LULUR SBN BENGK W150,14900.00,PCS  ,8995151120252       
251                 ,00019     ,DELFI BRIKO BLACK V 125,6270.00,PCS  ,8991001780119       
252                 ,00019     ,DELFI BRIKO CHOCO 125,6270.00,PCS  ,8991001780096       
2523                ,00175     ,SHOWER SC SWING 100,9006.25,PCS  ,8991111111667       
2524                ,00040     ,ZINC SP BLACK S 135 ML,3750.00,PCS  ,8998866104937       
2525                ,00033     ,PLASENTA HBL PTH 210,3790.00,PCS  ,8990090101010       
2526                ,00033     ,PLASENTA HBL KUNING 600,7500.00,PCS  ,8990090101003       
2531                ,00114     ,MODES KAPAS,3030.00,PCS  ,8990090101461       
2534                ,00019     ,OLAY TOTAL WHITE 10 GR,5136.25,PCS  ,8990090120165       
2535                ,A0105     ,LEM X-LIME 22ML,10368.75,DOS  ,2535                
2539                ,00083     ,GATSBY SC BL/AMBER 75,5613.75,PCS  ,8992222051897       
2540                ,00083     ,GATSBY SC CG/AROMATIC 75,5615.00,PCS  ,8992222051873       
2541                ,A0044     ,LIBRA EMPING MLINJO,30660.00,PCS  ,2541                
2542                ,A0044     ,LIBRA KUPING GAJAH KECIL,35177.50,PCS  ,2542                
2543                ,A0098     ,WRD WS EXFOLIATNG SRUB 50,5000.00,PCS  ,8993137692328       
256                 ,00019     ,SELAMAT FUNTIME CHO 150,6847.50,PCS  ,8991001242150       
2560                ,00019     ,PANTENE COND 3MM TTL DMG 180,55357.50,PCS  ,4902430623643       
2562                ,00089     ,VIVA HBL WHITE SOYBEAN,4453.75,PCS  ,8992796222006       
2563                ,00089     ,VIVA HBL WHITE MULBERRY,4453.75,PCS  ,8992796222020       
2564                ,00089     ,VIVA HBL WHITE YOGURT,4453.75,PCS  ,8992796222013       
2567                ,A0103     ,CALADINE LOTION 60 ML,6466.25,PCS  ,8993005123015       
2568                ,A0103     ,CALADINE LOTION 95 ML,8578.75,PCS  ,8993005123022       
2570                ,00174     ,CALADINE POWD ORI 100 G,7641.25,PCS  ,8993005124029       
2572                ,A0103     ,CALADINE POWD ORI 60 G,5280.00,PCS  ,8993005124012       
2575                ,00031     ,MASTER COLOGNE CLASIC 75,5937.50,PCS  ,8993417142116       
258                 ,00019     ,SELAMAT TWIS BLAC VAN 140,5706.25,PCS  ,8991001780065       
2581                ,00033     ,PLASENTA HBL HIJAU 600,7500.00,PCS  ,8999999707453       
2583                ,00175     ,CLEAN&CLEAR COMP PWDR WHT,28462.50,PCS  ,8850007710097       
2584                ,00175     ,C&C FACIAL WASH PET 100,13703.75,PCS  ,8991111111971       
2585                ,00175     ,C&C FACIAL WASH PET 50,8571.25,PCS  ,8991111111964       
2586                ,00175     ,C&C MOISTURIZER 50,10782.50,PCS  ,9556006277775       
2587                ,00175     ,C&C OIL CONTROL TONER 100,10850.00,PCS  ,8991111111995       
2588                ,00175     ,C&C OIL CONTROL TONER 50,6857.50,PCS  ,8991111111988       
259                 ,00019     ,SELAMAT TWIS CHO WAFER140,5706.25,PCS  ,8991001780072       
2590                ,A0110     ,CUSSON BEDAK BLUE G.C 100GR,4331.25,PCS  ,88820309            
2591                ,00175     ,SHOWER CBS FROSTY PINK 10,13738.75,PCS  ,8991111112169       
2593                ,00083     ,PUCELLE MS JOLLY R 150,10718.75,PCS  ,8992222091718       
2594                ,00053     ,KANA CREAM KAKI,9100.00,PCS  ,8998103000725       
2599                ,00167     ,CUSSONS SW 17 TRANQULITY,6737.50,PCS  ,8998103003573       
2602                ,A0044     ,CAMILAN ACHI,11201.25,PCS  ,2602                
2605                ,00033     ,ESKULIN COLGEL FRUTI 100,6250.00,PCS  ,8993417112287       
2606                ,00031     ,ESKULIN BMIST BLUE TEMP 125,7350.00,PCS  ,8993417115226       
2608                ,00031     ,ESKULIN COL GEL WEDNESDAY100,6250.00,PCS  ,8993417212239       
2609                ,A0095     ,VIVELLE BODY MIST RED100,8203.75,PCS  ,8993044801165       
261                 ,00019     ,DELFI TWISTER BLACK 45,2681.25,PCS  ,8991001780133       
2610                ,00031     ,ESKULIN BMIST SPARK YELL 125,11250.00,PCS  ,8993417115240       
2611                ,A0029     ,WESLEY BS VIKINGS 200,8203.75,PCS  ,8993044050068       
2615                ,199       ,FRESH FSS NOR/REFR/WHITE 100,5390.00,PCS  ,8992779421105       
2617                ,00089     ,VIVA COMP QUEEN SPF KP,13641.25,PCS  ,8992796133593       
2619                ,00089     ,VIVA COMP QUEEN SPF15 KL,13641.25,PCS  ,8992796133586       
262                 ,00019     ,DELFI TWISTER M BLACK 80,3891.25,PCS  ,8991001780225       
2620                ,199       ,FRESH FSS RELAXING 100,5390.00,PCS  ,8992779426100       
2622                ,00089     ,VIVA COMP QUEEN SPF15 NAT,13641.25,PCS  ,8992796133548       
2623                ,00040     ,FRESH WHITE 80,5625.00,PCS  ,7777777             
2624                ,199       ,FRESH ENER TUBE 100/FSS,5390.00,PCS  ,8992779422102       
2626                ,00083     ,GATSBY BD LOTION WHT 100,5208.75,PCS  ,8992222051637       
2628                ,00083     ,GATSBY DEO SPRAY 175ML,19600.00,PCS  ,8992222050371       
2629                ,00083     ,GATSBY DEO SPRAY 50,6466.25,PCS  ,8992222050357       
263                 ,00019     ,DELFI TWISTER CHOCO 45,2681.25,PCS  ,8991001780140       
2636                ,00083     ,GATSBY FW PWR REFS SC 50,4750.00,PCS  ,8992222050715       
2639                ,00083     ,GATSBY GLOSS S.HARD 100,6432.50,PCS  ,8992222050180       
2640                ,00083     ,GATSBY GLOSS SP HARD150,9103.75,PCS  ,8992222050159       
2643                ,00031     ,MASTER COLOGNE COOL 75,6062.50,PCS  ,8993417142147       
2644                ,00083     ,GATSBY POMADE 30 ML,5658.75,PCS  ,8992222050210       
2645                ,00083     ,GATSBY WAX TOUGH&SHIN 75,10718.75,PCS  ,8992222052108       
2646                ,00083     ,GATSBY SHOWER ORI R.500,14291.25,PCS  ,8992222050760       
2647                ,00083     ,GATSBY SHOWER FW ORI 125,5103.75,PCS  ,8992222050685       
2649                ,00083     ,GATSBY TALC COOL.W  90G,4900.00,PCS  ,8992222050333       
265                 ,00019     ,SELAMAT WFR CHOCO 60,2227.50,BOX  ,8991001780126       
2651                ,00031     ,MASTER COLOGNE SUCCES 75,5937.50,PCS  ,8993417142154       
2654                ,00083     ,GATSBY TALK FFOUGERE 100,4900.00,PCS  ,8992222051989       
2656                ,00083     ,GATSBY TREAT HC TONIC 100,3878.75,PCS  ,8992222052122       
2657                ,00083     ,GATSBY TREAT HC NORM 70,3471.25,PCS  ,8992222050241       
266                 ,00019     ,SELAMAT WFR BRIKO BLACK 1,6572.50,PCS  ,8991001780423       
2661                ,00083     ,GATSBY TREAT HC AD 75GR,3958.75,PCS  ,8992222050616       
2664                ,00083     ,GATSBY W GLOSS SOFT 100G,6432.50,PCS  ,8992222050074       
2669                ,00083     ,GATSBY SC GH/CITRUS 75,5613.75,PCS  ,8992222051521       
267                 ,00019     ,SELAMAT WFR BRIKO HAZELNU,6545.00,PCS  ,8991001780416       
2670                ,00083     ,GATSBY WAX L NATURAL75G,10718.75,PCS  ,8992222051590       
2673                ,00083     ,GATSBY WG SOFT TUBE 50,3462.50,PCS  ,8992222050067       
2675                ,00031     ,MASTER COLOGNE SPORTY 75,6062.50,PCS  ,8993417142161       
2677                ,00175     ,SHOWER TALK 50 BLOSSOM,3472.50,PCS  ,8850007171362       
268                 ,00019     ,SELAMAT WFR BRIKO VANILA,6545.00,PCS  ,8991001780430       
2685                ,00067     ,L`AGIE ALPINE ALL VAR,3812.50,DOS  ,8992957246544       
2687                ,00031     ,GARNIER L COMPLET FOAM 100ML,3736.25,PCS  ,8991380700029       
2688                ,00031     ,GARNIER L COMP SCRUB 100,3812.50,PCS  ,8991380700609       
2691                ,A0029     ,WESLEY BS RANGERS 200,17500.00,PCS  ,8993044801462       
2695                ,00131     ,NIVEA HYDRO BLC SCRUB 100,17550.00,PCS  ,8993068122802       
2697                ,A0029     ,WESLEY BS PATRIOT 200,17500.00,PCS  ,8993044151611       
2698                ,A0029     ,WESLEY BS RAIDERS 200,18047.50,PCS  ,8993044151628       
270                 ,00019     ,SQ ALMOND 68G,7576.25,PCS  ,8991001121400       
2702                ,00004     ,MARJAN MOCCA,14100.00,PCS  ,8998888110312       
2703                ,00004     ,MARJAN COCOPANDAN,13228.75,DOS  ,8998888110114       
2705                ,00004     ,MARJAN STRAWBERY,13072.50,DOS  ,8998888110718       
2707                ,00019     ,OLAY ANTI BLEMISH CREAM50,102093.75,PCS  ,4902430125369       
2708                ,00051     ,PUTERI BEDAK TRANS 01-18G,10210.00,PCS  ,8995151240097       
2709                ,A0044     ,LIBRA MAKARONI BESAR,30660.00,PCS  ,2709                
271                 ,00019     ,SQ DARK 68 GR,7576.25,PCS  ,8991001121370       
2711                ,00131     ,KENANGA HBL,4500.00,PCS  ,8995151720018       
2713                ,00051     ,MR. BEDAK KUNING KEMATIN,10000.00,PCS  ,8995151750299       
2714                ,00083     ,GATSBY COL SPRAY SPORT100,9697.50,PCS  ,8992222051682       
2715                ,00083     ,GATSBY COL SPRAY DREAM 10,9697.50,PCS  ,8992222051699       
2717                ,A0029     ,WESLEY BS WARRIORS 200,17500.00,PCS  ,8993044151635       
2719                ,00051     ,MR PEMB JRK NIPIS 150,9281.25,PCS  ,8995151110482       
272                 ,00019     ,SQ FRUIT&NUT 68,7576.25,PCS  ,8991001121455       
2721                ,00031     ,MARCKS BEDAK CREME 40,6032.50,PCS  ,8995026801019       
2722                ,00031     ,MARCKS BEDAK ROSE 40,6032.50,PCS  ,8995026801033       
2723                ,00031     ,MARCKS BEDAK PUTIH 40GR,6032.50,PCS  ,8995026801026       
2724                ,00051     ,MR. BDK PLUS KL,12000.00,PCS  ,8995151140304       
2725                ,00051     ,MR PENY AIR MAWAR PUTIH 100,4500.00,PCS  ,8995151110376       
2726                ,00051     ,MR PENY AIR MAWAR PUTIH 150,9075.00,PCS  ,8995151110666       
2727                ,00051     ,MR.TASIK KMNG KL KK/KB35,5672.50,PCS  ,8995151140830       
2729                ,00051     ,MR ALAS BDK KL KB 35 ML,5500.00,PCS  ,8995151140014       
273                 ,00019     ,SQ MIDI ALM 33G,4138.75,PCS  ,8991001111296       
2730                ,00051     ,MR ALAS BDK TK TG KK 35,4125.00,PCS  ,8995151140106       
2731                ,00051     ,MR JEBUK SARI ALL 20 G,10312.50,PCS  ,8995151140151       
2734                ,00131     ,MR MINYAK ZAITUN 75,10500.00,PCS  ,8995151120917       
2735                ,A0029     ,WESLEY BS BRAVES 200,18047.50,PCS  ,8993044801479       
2736                ,00051     ,MR HBL SARI JERUK 175ML,9178.75,PCS  ,8995151120412       
274                 ,00019     ,SQ MIDI F&N 33G,4138.75,PCS  ,8991001111319       
2740                ,00083     ,GATSBY COL SPRAY GAME 100,9697.50,PCS  ,8992222051712       
2742                ,00051     ,MR KENANGA PEMBERSIH 120M,4125.00,PCS  ,8995151710019       
2745                ,00051     ,MR. BEDAK PADAT KT,17841.25,PCS  ,8995151140380       
2748                ,00051     ,MR LULUR KOCOK GADING 200,12891.25,PCS  ,8995151320089       
2749                ,00051     ,MR LULUR MASSINANGLING,6000.00,PCS  ,8995151120016       
275                 ,00019     ,SQ MIDI CASHEW 33G,4138.75,PCS  ,8991001111289       
2750                ,00131     ,MR MASKER BENGKOANG 15,6187.50,PCS  ,8995151110116       
2751                ,00131     ,MR MASKER BENGKOANGTUBE 60,10000.00,PCS  ,8995151110437       
2752                ,00051     ,MR MASKER BENGK 125,18000.00,PCS  ,8995151110321       
2753                ,00051     ,MR MASKER INDAH WARNI,4000.00,PCS  ,8995151110109       
2754                ,00131     ,MR PEELING MASKER KLT KERANG,4000.00,PCS  ,8995151110192       
2757                ,00131     ,MR MASKER TOMAT,4000.00,PCS  ,8995151110178       
2759                ,00131     ,MR PEELING MUNDISARI 15G,6187.50,PCS  ,8995151110154       
276                 ,00019     ,SQ CASHEW 68,7580.00,PCS  ,8991001121615       
2760                ,00051     ,MR PEELING MUNDISARI 125,18000.00,PCS  ,8995151110314       
2763                ,00051     ,MR PEMB S.GAMBIR BSR150,10210.00,PCS  ,8995151110468       
2765                ,00131     ,MR PEMB MAWAR 150,10210.00,PCS  ,8995151110475       
2766                ,00051     ,MR PEMBERSIH KETIMUN 150,9900.00,PCS  ,8995151110499       
2768                ,00131     ,MR PENY JERUK NIPIS 150,8800.00,PCS  ,8995151110079       
2769                ,00051     ,MR PENY S.GAMBIR BSR,9075.00,PCS  ,8995151110505       
277                 ,00019     ,SQ WHITE 68 GR,8263.75,PCS  ,8991001121387       
2774                ,00051     ,MR PENYEGAR KETIMUN 150,8800.00,PCS  ,8995151110536       
2775                ,00131     ,MR PENYEGAR MAWAR150,9075.00,PCS  ,8995151110512       
2777                ,00051     ,MR. FOUNDATION WHITE B 30,8300.00,PCS  ,8995151140694       
2780                ,00051     ,MR. ALAS BEDAK TK KT,5500.00,PCS  ,8995151140113       
2784                ,00051     ,PUTERI SHAKE COL SOOTHING,12478.75,PCS  ,8995151220624       
2786                ,00051     ,PUTERI SHAKE COL ENERGIZI,12478.75,PCS  ,8995151220617       
2787                ,00051     ,PUTERI SHAKE COL REFRESH 100,11343.75,PCS  ,8995151220594       
2788                ,00051     ,PUTERI SHAKE COL RELAXING,12478.75,PCS  ,8995151220600       
2789                ,00051     ,MR. PELEMBAB BENGKOANG 35,7941.25,PCS  ,8995151140687       
2790                ,00051     ,MR. PELEMBAB PLUS 40 NCK,6900.00,PCS  ,8995151140281       
2791                ,00051     ,MR. PELEMBAB PLUS 40 BM,6900.00,PCS  ,8995151140298       
2794                ,00051     ,MR HBL MANGIRPUTIH/KUNING175,9178.75,PCS  ,8995151120559       
2795                ,00040     ,FRES COLOG GEL 100 BLUE,6250.00,PCS  ,8998866604550       
2796                ,00040     ,FRES COLOG GEL PINK 100,6250.00,PCS  ,8998866604543       
2798                ,00131     ,NIVEA 2IN1 MILK&TONER 200,26098.75,PCS  ,8999777811624       
2802                ,00033     ,OVALE WHITE 60,4410.00,PCS  ,8993417001178       
2804                ,00175     ,SHOWER TALK 100 BLOSSOM,5810.00,PCS  ,8850007171379       
2807                ,00131     ,NIVEA CLEAN MILK 200 ML,18961.25,PCS  ,8999777811006       
2808                ,00131     ,NIVEA CLEANMILK 50 ML,4792.50,PCS  ,8999777811143       
2809                ,00131     ,NIVEA BD FRESH M LOT 50,3726.25,PCS  ,8999777803087       
2811                ,00131     ,MR PEELING MUNDISARI 60,10500.00,PCS  ,8995151110420       
2815                ,00031     ,OVALE ANTI ACNE 100,6875.00,PCS  ,8993417001260       
2817                ,00131     ,NIVEA F.TONIC 50 ML,4601.25,PCS  ,8999777811150       
2818                ,00131     ,NIVEA FACE TONIC 200 ML,18961.25,PCS  ,2                   
2825                ,00131     ,NIVEA INT MOIST LOT 50ML,3513.75,PCS  ,8999777802080       
2826                ,00131     ,NIVEA MOIST FLUID WHITE,26631.25,PCS  ,8999777867218       
2827                ,00131     ,NIVEA MOIST OIL FREE 50 M,18727.50,PCS  ,8999777812799       
2831                ,00131     ,NIVEA NIGHT REPAIR 50,37281.25,PCS  ,8999777867409       
2834                ,A0105     ,CUTTER VANCO V-900,6016.25,PCS  ,7781972090000       
2842                ,00031     ,OVALE WHITE 100,6875.00,PCS  ,8993417001277       
2843                ,00131     ,NIVEA WHITE B LOT 50ML,4403.75,PCS  ,8999777818654       
2844                ,199       ,NIVEA WHITE BODY LOT 100M,9482.50,PCS  ,8999777818661       
2846                ,00019     ,OIL OF OLAY MOIST CRM.50,42570.00,PCS  ,4710260000448       
2847                ,00019     ,OLAY MOIST LOT 30,14231.25,PCS  ,4899338187318       
2848                ,00019     ,OLAY MOIST LOTION 75,35516.25,PCS  ,9300618551767       
2849                ,00019     ,OIL OF OLAY UVNL CRM 50GR,51572.50,PCS  ,4902430046039       
2850                ,00019     ,OLAY UVNL LOT 30ML,17665.00,PCS  ,4902430046046       
2851                ,00019     ,OLAY UVNL LOT 75ML,42230.00,PCS  ,4902430046015       
2852                ,00019     ,OLAY WR INTENSIVE CRM 50,57296.25,PCS  ,4902430990509       
2853                ,00019     ,OLAY WHT RADIANCE LOT 75,46591.25,PCS  ,4902430232241       
2854                ,A0105     ,FORTE NOTA NCR 3 PLY K,8750.00,PCS  ,8994793014103       
2857                ,00033     ,OVALE FL APPLE 100ML,6737.50,PCS  ,8993417010057       
2859                ,00033     ,OVALE FL AVOCADO 100ML,6875.00,PCS  ,8993417010019       
2860                ,00040     ,OVALE FL AVOCADO 200ML,10937.50,PCS  ,8993417020018       
2861                ,00033     ,OVALE FL CUCUBER 100ML,6875.00,PCS  ,8993417010026       
2863                ,00033     ,OVALE FL FLOWER 100ML,6737.50,PCS  ,8993417010040       
2865                ,00031     ,OVALE FL LEMON 100ML,6875.00,PCS  ,8993417010033       
2867                ,00031     ,MASTER SPRAY AMBER 100,10000.00,PCS  ,8993417145261       
2868                ,00031     ,OVALE ANTI KUSAM 100,7500.00,PCS  ,2868                
2871                ,00031     ,MASTER SPRAY GREEN F 100,10000.00,PCS  ,8993417145254       
2872                ,00019     ,OLAY TE NORMAL/COOLING 50G,102093.75,PCS  ,4902430092944       
2873                ,00031     ,OVALE PAPAYA 100,6875.00,PCS  ,8993417151125       
2874                ,00019     ,OLAY WR NIGHT 50,71651.25,PCS  ,4902430989992       
2875                ,00019     ,OLAY TE MERL GENTLE 50GR,102093.75,PCS  ,4902430092951       
2876                ,00033     ,OVALE MASKULIN AA 75ML,6562.50,PCS  ,8993417061134       
2878                ,00033     ,OVALE MASKULIN AHA 75ML,6562.50,PCS  ,8993417061127       
2880                ,00033     ,OVALE MASKULIN CLC 75ML,6562.50,PCS  ,8993417061110       
2886                ,00175     ,C&C DP CLEANSER 50 ALL,10278.75,PCS  ,8992222200400       
2887                ,00016     ,BUMIFOOD BAKSO IKAN 50,19606.25,PCS  ,8992704001259       
2892                ,203       ,VENUS REFIL NO 3,15000.00,PCS  ,8992222070508       
2901                ,00031     ,NYAM NYAM COLEK WFR CKT22,978.75,PCS  ,8886015416027       
2903                ,00175     ,WELCO SELAI KACANG 275,3281.25,PCS  ,8993016413006       
2908                ,00031     ,MAYBELLINE PWD BASIC H,L,N10,5625.00,PCS  ,6923492584602       
2909                ,A0044     ,MANISAN JELLY MANNA,1555.00,PCS  ,2909                
2910                ,00175     ,CLEAN & CLEAR BDK R.LIGHT,23042.50,PCS  ,8850007710042       
2911                ,00175     ,JOHNSON B PWD BEDTIME100,3312.50,PCS  ,8991111102818       
2912                ,00175     ,JOHNSON B PWD BEDTIME 50,3312.50,PCS  ,8991111102801       
2920                ,A0107     ,NUTRIJELL ORANGE 15 GR,2667.50,BOX  ,8992933212112       
2921                ,A0107     ,NUTRIJELL STRAW 15 GR,2667.50,BOX  ,8992933211115       
2922                ,A0107     ,NUTRIJELL LECY 15 GR,2667.50,BOX  ,8992933213119       
2923                ,A0107     ,NUTRIJELL MELON 15 GR,2667.50,BOX  ,8992933214116       
2924                ,A0107     ,NUTRIJELL PLAIN 15 GR,2667.50,BOX  ,8992933215113       
2925                ,00131     ,JELYGAR ANGGUR,2083.75,PCS  ,8994021101957       
2928                ,A0107     ,NUTRIJELL ANGGUR 15 GR,2667.50,BOX  ,8992933218114       
2930                ,00112     ,CARVIL SOULMATE C,508.75,PCS  ,2930                
2931                ,00004     ,SEPATU KITANO MH/VICTOR C03,586.25,PCS  ,2931                
2937                ,00131     ,NIVEA WHT TONER 200,21257.50,PCS  ,8999777867201       
294                 ,00002     ,NS SUPERO CRACKER 90,1875.00,DOS  ,8888166338012       
2944                ,00158     ,STIKO FGR FRUITY FUSION75,3865.00,PCS  ,8886015613754       
2945                ,00158     ,ASTRA COKLAT 275,9476.25,PCS  ,8886015637354       
2947                ,00175     ,WELCO PASTA COKLAT 300,3281.25,PCS  ,8993016413051       
2949                ,00019     ,VICKS FORMULA DEWASA 30,5506.25,PCS  ,4987176600516       
295                 ,00031     ,TESSA TP-22 INTERFLOD 250,521.25,PCS  ,8992931005228       
2950                ,00019     ,VICKS FORMULA 44 54ML,10890.00,PCS  ,4987176006882       
2951                ,00019     ,VICKS FORMULA ANAK 44 27ML,5507.50,PCS  ,4987176004611       
2952                ,00019     ,VICKS FORMULA ANAK OR/ST54,10890.00,PCS  ,4987176600547       
2953                ,00019     ,VICKS FORMULA ANTITUSIF30,5507.50,PCS  ,4987176000668       
2954                ,00019     ,VICKS FORMULA 44DT 54,10890.00,PCS  ,4987176006929       
2959                ,199       ,S&F VIOLET REF 800,8000.00,PCS  ,8992779430800       
2961                ,00131     ,NIVEA ANTI AGEING Q10DAY,39945.00,PCS  ,8999777847005       
2962                ,00131     ,NIVEA ANTI AGEING Q10NIGH,39945.00,PCS  ,8999777847166       
2963                ,00131     ,NIVEA WHITE TONER 125,14135.00,PCS  ,8999777867195       
2964                ,00083     ,GATSBY S COL DEEP OCEAN 75,5613.75,PCS  ,8992222051385       
2965                ,00083     ,GATSBY S COL WF/WOODY 75,5615.00,PCS  ,8992222051422       
297                 ,A0044     ,HOT SEBLAK MANNA,12745.00,PCS  ,297                 
2971                ,00176     ,GARUDA KCG KULIT 200,8566.25,PACK ,8992775110126       
2974                ,00170     ,GARUDA KCG RS KEJU 100,3687.50,PCS  ,8992775112212       
2975                ,00176     ,GARUDA KCG TELOR 230,7373.75,PACK ,8992775212103       
2976                ,00158     ,VENESIA KLG 400,20068.75,PCS  ,8886015726409       
2977                ,A0002     ,TURBO JAGUNG KARAMEL 75,2203.75,PCS  ,8993172890123       
2978                ,A0002     ,TURBO JAGUNG AYAM BAWANG 75,2203.75,PCS  ,8993172890109       
2979                ,00083     ,GATSBY SC GS/FOUGERE 75,5615.00,PCS  ,8992222051408       
2980                ,00083     ,GATSBY S COL BM/OZONE 75,5728.75,PCS  ,8992222051361       
2981                ,00083     ,GATSBY SC ND/SPICY 75,5615.00,PCS  ,8992222051545       
2989                ,00016     ,BUMIFOOD BAKSO AYAM 25,11125.00,PCS  ,8992704001365       
299                 ,A0013     ,TARO NET SEAWEED 12,950.00,DOS  ,8999999000165       
2992                ,00004     ,LAURIER SC MAXI WING 20 P,4486.25,PCS  ,8992727001311       
2996                ,00069     ,COCA COLA 250,2965.00,PCS  ,8992761111519       
2998                ,00069     ,FANTA STRAWBERY 250,2965.00,DOS  ,8992761111540       
2999                ,00040     ,ALE ALE CUP 200,2965.00,PCS  ,8998866500319       
300                 ,00176     ,GARUDA PILUS PEDAS 95,1830.00,PACK ,8992775211410       
3005                ,00131     ,SWEETY SAFE&SOFT XL32,707.50,PCS  ,8992959508596       
3006                ,A0098     ,WRD SEAWEED BALANCING FW 60,765.00,PCS  ,8993137695022       
301                 ,00102     ,BELVITA SANDWICH 19,521.25,PCS  ,8992760131044       
3011                ,00016     ,FINNA KETAN PUTIH 500,8937.50,PCS  ,011747234078        
3012                ,00016     ,FINNA KETAN HITAM  500,8937.50,PCS  ,011747234092        
3016                ,00031     ,RESIK-V MAWAR 90,5000.00,PCS  ,8993417162114       
3017                ,00158     ,VENESIA KLG 900,36528.75,PCS  ,8992222071512       
302                 ,00089     ,VIVA WHTE CLEAN MASK CLEAN50,3773.75,PCS  ,8992796211208       
3021                ,00031     ,MIC MAC SAND CHICKEN 147,4000.00,PCS  ,8886015517151       
3023                ,00031     ,MIC MAC ORIGINAL CRACK 67,1593.75,PCS  ,8886015514679       
3025                ,00131     ,SOFTEX COMFORT SLIM 20,8458.75,PCS  ,8992959117514       
303                 ,A0012     ,PIATOS SAPI PGG 85,1087.50,PCS  ,8996196000950       
3032                ,00023     ,KARA NT LYCHEE 1000,7548.75,PCS  ,8993133750527       
3033                ,00040     ,SEDAP MIE AYAM BAWANG,1022.50,DOS  ,8998866200318       
3034                ,00040     ,SEDAP MIE SOTO,1022.50,DOS  ,8998866200325       
3035                ,00172     ,SIMBA TUFFIS 170,9445.00,PCS  ,8993172890062       
3036                ,00031     ,RESIK-V KENANGA 90,5000.00,PCS  ,8993417162121       
3037                ,00031     ,RESIK-V ANGGREK 90,5000.00,PCS  ,8993417162138       
3039                ,00043     ,BIRDY SUSU,1968.75,PCS  ,8992222180115       
3040                ,00043     ,BIRDY KOPI,1968.75,PCS  ,8992222071345       
